Shop_ID,Shop_Type,Shop_Location,Shop_Size_sqft,Years_in_Operation,Average_Daily_Customers,Average_Spending_per_Customer,Competition_Count,Rent_Cost_per_Month,Monthly_Inventory_Cost,Other_Expenses,Festival_Season,Exam_Season,Month,Monthly_Earnings
1,Cafe,BH-1 Complex,154,8,111,88,5,11191,26964,7092,0,1,Jun,243040
2,Clothing,BH-7 Complex,240,6,112,61,5,12949,17433,9311,0,0,Nov,148128
3,Stationery,BH-5 Complex,134,4,101,87,1,6189,34118,7005,0,1,May,213610
4,Mobile Shop,Law Gate,88,5,132,98,2,16627,23792,6363,0,0,Jul,325144
5,Clothing,Law Gate,183,4,103,67,2,14226,29541,7152,0,0,Apr,157030
6,Cafe,BH-5 Complex,93,8,113,88,4,12873,20675,4161,0,0,Feb,248320
7,Salon,UniMall,236,1,112,83,1,10859,21331,4379,1,1,Dec,219584
8,Stationery,BH-1 Complex,112,5,67,83,2,11258,37002,10736,0,0,Jul,116830
9,Mobile Shop,BH-7 Complex,178,8,132,67,3,9104,38599,8598,0,0,Mar,206476
10,Stationery,UniMall,94,3,60,64,1,6502,21910,8493,0,0,May,61360
11,Clothing,BH-7 Complex,239,7,82,98,3,7678,34626,8636,0,1,Oct,175008
12,Clothing,BH-1 Complex,207,7,104,116,4,8693,28931,7627,0,1,Jan,287792
13,Mobile Shop,BH-1 Complex,216,5,86,116,1,11864,24474,11526,0,0,Nov,229328
14,Food Stall,Law Gate,131,7,91,91,2,9763,36616,5853,1,0,Aug,181868
15,Salon,UniMall,208,3,140,118,2,10737,29555,9685,0,0,Jun,412560
16,Food Stall,BH-7 Complex,195,2,91,114,3,6202,26447,8218,1,1,Sep,261220
17,Stationery,BH-5 Complex,226,3,118,65,3,15986,32043,6811,0,0,Sep,164760
18,Stationery,BH-5 Complex,230,3,92,99,4,8385,26111,8736,0,1,Apr,223240
19,Salon,BH-7 Complex,239,7,119,108,1,11423,29589,7723,0,1,Mar,322708
20,Stationery,UniMall,243,6,79,83,4,17383,27183,8723,0,0,Sep,140153
21,Mobile Shop,BH-1 Complex,248,4,84,88,1,10973,35817,7777,0,0,Apr,164368
22,Clothing,BH-1 Complex,194,6,67,66,5,10496,19735,7104,0,1,Nov,82660
23,Salon,BH-5 Complex,140,3,80,89,4,13022,24151,9600,0,1,Jan,149360
24,Mobile Shop,BH-1 Complex,203,9,103,87,5,16716,32453,7444,1,0,May,209869
25,Food Stall,BH-1 Complex,207,2,119,92,1,16492,32364,6975,0,1,Mar,278440
26,Cafe,BH-1 Complex,209,1,105,83,1,13455,19014,6901,0,1,Jul,202735
27,Salon,BH-5 Complex,214,9,101,114,4,11986,33225,9016,1,1,Dec,283906
28,Mobile Shop,BH-1 Complex,232,6,146,74,2,11919,25966,5982,1,0,Oct,263316
29,Salon,BH-5 Complex,187,5,129,74,4,8491,30328,10407,1,0,Mar,226834
30,Mobile Shop,BH-1 Complex,224,8,114,99,3,10465,32019,9225,0,0,May,266008
31,Clothing,BH-7 Complex,208,1,149,112,2,8838,16150,11560,0,0,Sep,433952
32,Mobile Shop,BH-7 Complex,155,3,60,75,5,10070,24662,4580,0,0,Dec,76000
33,Salon,BH-5 Complex,223,5,128,106,4,8141,28245,7059,0,0,Jul,329904
34,Stationery,Law Gate,175,1,69,113,5,8849,22390,10905,0,1,Jul,168316
35,Cafe,BH-1 Complex,203,1,61,108,1,6851,33071,5931,1,1,Dec,147640
36,Salon,BH-7 Complex,91,2,126,60,5,9913,32450,11723,0,1,Jan,161680
37,Stationery,UniMall,214,4,149,67,2,15817,26261,4417,0,1,Aug,229524
38,Food Stall,BH-1 Complex,178,4,95,84,2,13164,26657,9988,0,0,Jul,173440
39,Food Stall,BH-1 Complex,184,1,121,91,1,9440,35150,9644,0,1,Jun,258308
40,Food Stall,BH-5 Complex,207,4,72,118,3,6395,22400,8171,0,0,May,204880
41,Food Stall,BH-7 Complex,121,7,71,84,2,11588,22651,7636,0,1,Nov,128920
42,Cafe,BH-5 Complex,224,6,134,77,5,12731,30368,11241,0,0,Nov,259540
43,Salon,UniMall,165,4,125,64,1,17428,36925,6386,1,1,Apr,174000
44,Mobile Shop,BH-1 Complex,169,3,95,65,3,7810,21588,6923,0,0,Oct,135250
45,Food Stall,BH-1 Complex,171,9,79,87,4,15086,24576,5958,0,1,Jun,142444
46,Salon,BH-7 Complex,243,3,65,117,3,12316,16852,8910,1,0,Sep,162940
47,Mobile Shop,BH-1 Complex,223,7,108,73,1,9486,34968,5396,1,1,Aug,186520
48,Cafe,Law Gate,139,2,135,83,4,15337,28659,10819,0,1,Nov,263740
49,Clothing,BH-7 Complex,220,3,122,76,5,12132,39275,6508,1,0,May,209616
50,Cafe,BH-1 Complex,188,5,106,84,1,6009,34255,4797,1,0,Jan,208216
51,Stationery,UniMall,240,2,70,80,1,10158,35309,10970,0,0,Jul,112400
52,Stationery,BH-7 Complex,102,5,65,87,5,16948,24860,9989,1,1,Jan,108340
53,Salon,BH-7 Complex,83,1,144,73,1,11997,17048,8146,1,0,Aug,244336
54,Stationery,Law Gate,91,1,98,85,4,14865,25357,4770,0,1,Sep,191570
55,Salon,BH-7 Complex,221,2,76,107,3,9374,30254,7278,0,0,Dec,193960
56,Stationery,BH-1 Complex,131,9,97,109,1,14017,21941,5358,1,0,Jul,256617
57,Food Stall,Law Gate,96,4,110,76,5,10892,22043,4137,1,0,Nov,184080
58,Stationery,BH-5 Complex,183,4,102,107,1,7906,21254,4760,1,0,Feb,277420
59,Cafe,BH-5 Complex,249,6,120,117,5,13570,39340,9124,0,0,Dec,371200
60,Cafe,UniMall,126,9,149,105,3,16160,29124,11240,1,0,Oct,403705
61,Mobile Shop,Law Gate,107,7,95,60,2,7276,37195,6766,1,0,Aug,109600
62,Clothing,BH-7 Complex,97,6,66,62,3,6918,34181,10506,0,0,Jul,72760
63,Mobile Shop,Law Gate,205,9,87,69,1,7976,32680,9350,0,0,Oct,130090
64,Mobile Shop,Law Gate,190,8,126,100,1,15361,21371,8206,0,0,May,302800
65,Salon,BH-7 Complex,200,1,65,111,5,7761,25167,6362,0,0,Jul,159235
66,Food Stall,BH-1 Complex,110,8,63,89,5,9517,25589,9726,1,0,Feb,118210
67,Mobile Shop,UniMall,173,8,143,87,3,14195,37350,4645,1,1,Nov,323230
68,Mobile Shop,BH-5 Complex,98,4,67,85,1,12316,21469,9529,1,0,Jan,120850
69,Clothing,BH-7 Complex,82,1,149,73,2,7828,16917,8234,0,0,Oct,265433
70,Salon,UniMall,96,9,103,61,3,11287,16619,4320,0,1,Mar,125924
71,Salon,BH-1 Complex,216,2,108,64,4,6235,25161,8429,0,1,Jun,150448
72,Mobile Shop,BH-1 Complex,244,5,119,88,3,15064,37797,9947,0,0,Apr,264160
73,Mobile Shop,BH-1 Complex,204,6,148,104,1,8136,25535,5863,1,0,Sep,396368
74,Stationery,BH-1 Complex,213,3,76,92,3,10033,33381,8916,0,0,Jan,159760
75,Salon,BH-1 Complex,112,4,86,95,2,16789,16120,7068,1,1,Jan,178760
76,Salon,BH-7 Complex,236,4,97,72,4,12371,21359,11091,1,0,Mar,159520
77,Stationery,Law Gate,183,6,95,95,2,16026,17116,9779,1,0,Aug,211725
78,Clothing,BH-5 Complex,179,4,121,77,5,13790,15827,6730,1,1,Oct,210876
79,Mobile Shop,UniMall,90,7,90,117,1,11109,35530,11196,0,1,Apr,244840
80,Stationery,BH-7 Complex,132,9,113,82,2,9072,16854,8021,1,0,Sep,209448
81,Cafe,Law Gate,241,1,94,111,3,7625,25314,11973,0,1,Jun,242152
82,Food Stall,UniMall,108,6,83,84,2,11299,27997,7572,0,1,Jul,159160
83,Mobile Shop,BH-5 Complex,142,8,140,79,1,6688,19243,7701,0,0,Jul,259680
84,Salon,UniMall,109,8,110,118,3,17581,17079,6717,0,1,Feb,339400
85,Stationery,BH-5 Complex,208,8,125,113,5,16353,26485,9797,0,1,Oct,345500
86,Clothing,Law Gate,214,8,133,78,1,12305,34835,8064,0,0,Jul,250846
87,Stationery,UniMall,171,8,118,67,2,9310,18300,10722,1,1,Aug,179274
88,Cafe,Law Gate,86,1,105,102,5,12612,36389,10878,0,0,Apr,249880
89,Salon,BH-5 Complex,90,2,88,119,3,14705,25112,10958,0,0,May,253688
90,Cafe,BH-5 Complex,103,1,96,97,2,13083,37370,9619,0,1,Jul,220048
91,Cafe,BH-7 Complex,104,7,140,109,1,17472,17573,8616,0,1,Apr,407800
92,Mobile Shop,Law Gate,207,5,85,117,2,17372,23996,4074,0,0,Jan,228460
93,Salon,BH-1 Complex,136,6,96,84,3,7622,30988,4341,0,1,Sep,183856
94,Salon,BH-5 Complex,201,2,112,66,4,15900,26664,6969,1,0,May,164368
95,Stationery,BH-5 Complex,192,7,95,110,3,10124,39724,7850,1,0,Aug,253050
96,Clothing,BH-1 Complex,160,2,81,64,1,15977,22715,4750,1,0,Sep,95152
97,Cafe,UniMall,118,3,99,76,3,7240,15060,4938,0,0,Mar,160672
98,Food Stall,BH-7 Complex,96,9,71,78,1,17307,31314,8090,0,0,Aug,105064
99,Salon,UniMall,168,9,142,67,5,8708,26344,5750,0,0,Jul,235420
100,Mobile Shop,BH-7 Complex,86,9,76,82,3,13124,34541,8345,1,1,Jul,130728
101,Stationery,Law Gate,182,1,141,90,3,8419,34426,8497,0,0,Mar,318010
102,Food Stall,BH-5 Complex,172,6,96,102,1,10278,38510,8459,1,0,Oct,233968
103,Stationery,BH-7 Complex,220,2,125,114,3,9241,15545,6461,0,0,Jan,377500
104,Food Stall,Law Gate,237,9,121,112,4,6271,34895,5771,1,0,Mar,329456
105,Mobile Shop,BH-7 Complex,232,1,104,73,5,8033,37851,4145,1,0,Jan,170168
106,Salon,BH-1 Complex,203,6,147,63,3,16233,16828,6108,1,1,Jul,227830
107,Mobile Shop,BH-7 Complex,189,2,111,63,1,13827,31220,11742,0,0,Mar,159790
108,Food Stall,UniMall,178,4,65,64,2,14245,22214,4726,0,0,Mar,66480
109,Stationery,BH-7 Complex,199,9,109,77,1,13312,29551,4002,1,1,Nov,193397
110,Cafe,BH-5 Complex,249,9,115,62,1,15179,32602,9016,0,0,Aug,163900
111,Cafe,BH-7 Complex,139,5,138,97,5,9972,20295,9721,1,0,Mar,351580
112,Salon,UniMall,85,8,117,62,3,12183,35314,5996,1,0,Nov,160366
113,Food Stall,BH-7 Complex,249,4,118,107,3,12924,15362,6604,1,0,Nov,303528
114,Cafe,BH-1 Complex,237,7,104,117,2,11150,29870,8521,1,1,Dec,290704
115,Food Stall,UniMall,183,2,98,61,4,17309,24882,5136,0,1,Jun,117384
116,Clothing,BH-5 Complex,158,5,142,89,5,11352,24439,9089,1,0,Apr,329140
117,Food Stall,Law Gate,199,2,127,86,2,15109,23073,4885,1,1,Dec,255816
118,Salon,BH-1 Complex,112,6,95,118,3,11043,17428,6507,0,0,Feb,286300
119,Salon,UniMall,118,7,105,93,5,14707,29288,11266,0,0,Feb,223420
120,Food Stall,BH-5 Complex,171,5,106,73,5,17722,37042,7778,0,0,Sep,174402
121,Mobile Shop,Law Gate,242,1,128,62,1,13424,27857,7963,1,0,Dec,188080
122,Salon,BH-1 Complex,129,4,139,86,3,6984,20776,7676,1,0,Aug,296666
123,Mobile Shop,UniMall,205,4,119,117,4,13725,15526,7224,0,0,Dec,367690
124,Stationery,BH-7 Complex,151,5,122,81,2,12644,31500,6433,0,0,Jun,236578
125,Food Stall,BH-1 Complex,167,9,91,70,1,14920,33427,8197,0,0,Jun,128360
126,Cafe,BH-5 Complex,176,2,145,87,1,14905,24127,10047,0,0,Jan,303220
127,Mobile Shop,Law Gate,201,2,136,111,2,6917,34558,6241,0,1,Aug,387784
128,Food Stall,UniMall,193,8,134,62,2,7925,33440,10917,0,1,Nov,199240
129,Stationery,UniMall,185,2,66,70,4,17577,31405,4409,0,0,Mar,83980
130,Salon,BH-7 Complex,111,3,78,114,4,9427,19780,5927,0,1,Jun,207868
131,Cafe,BH-1 Complex,114,6,96,91,1,15274,31002,6971,1,0,May,194608
132,Clothing,BH-5 Complex,187,4,90,117,4,8071,23595,10948,0,1,Sep,244840
133,Cafe,BH-5 Complex,85,7,95,117,2,11631,27003,6625,1,0,Dec,261220
134,Stationery,Law Gate,87,4,62,104,2,17815,34342,11904,0,1,Jul,136992
135,Mobile Shop,BH-5 Complex,204,8,96,64,1,17244,19648,6365,0,0,Jan,128176
136,Food Stall,BH-5 Complex,243,7,148,116,3,15444,35740,6046,1,0,Oct,447872
137,Clothing,BH-1 Complex,80,9,69,71,4,9432,24472,10276,0,1,May,92071
138,Clothing,BH-5 Complex,227,2,135,96,2,9568,24847,5579,0,0,Oct,312880
139,Salon,BH-1 Complex,148,1,88,60,1,7058,35677,6532,0,1,Apr,108400
140,Salon,UniMall,118,8,112,109,3,6125,27504,11473,0,1,Apr,316240
141,Cafe,BH-7 Complex,208,7,82,104,5,16985,32275,8470,0,1,Jun,197312
142,Cafe,Law Gate,224,8,106,93,1,11238,30577,6474,0,1,Apr,226024
143,Food Stall,Law Gate,142,9,92,60,1,9124,24519,9188,0,1,Sep,115600
144,Mobile Shop,BH-5 Complex,181,3,136,90,2,13114,30740,7173,1,1,Mar,292720
145,Salon,UniMall,155,7,134,60,5,15013,31838,5624,0,0,Jan,183160
146,Stationery,BH-1 Complex,189,2,108,91,1,12059,29437,10105,0,1,Feb,225184
147,Salon,Law Gate,127,5,129,87,4,7177,19760,4011,0,0,Jul,264244
148,Salon,BH-7 Complex,230,7,129,105,5,16603,28178,10570,1,0,Nov,342805
149,Mobile Shop,BH-7 Complex,196,4,110,74,3,6140,19882,9921,1,0,Aug,177920
150,Salon,BH-5 Complex,169,9,75,101,3,15873,27289,8016,0,1,Jul,169675
151,Cafe,BH-7 Complex,121,8,72,90,4,13102,33743,11408,0,0,Jun,144400
152,Mobile Shop,BH-7 Complex,216,9,60,103,2,17130,37668,11030,0,0,Oct,123040
153,Cafe,BH-1 Complex,179,7,131,83,2,9225,16316,9699,1,1,Oct,254444
154,Cafe,UniMall,198,5,114,109,1,15776,31866,7179,0,0,Mar,297928
155,Salon,BH-7 Complex,232,2,130,91,3,14841,24160,6637,0,1,Oct,304900
156,Mobile Shop,BH-1 Complex,147,6,98,100,2,12602,26543,8795,1,1,Apr,224400
157,Food Stall,BH-5 Complex,92,1,95,62,4,11472,25106,9189,0,1,Nov,114920
158,Clothing,BH-7 Complex,137,3,91,80,2,7735,23258,7061,1,1,Jan,161120
159,Cafe,BH-5 Complex,156,9,94,93,2,10211,15661,7883,0,0,Dec,212260
160,Clothing,BH-1 Complex,183,6,76,75,5,7679,30901,4236,1,1,Jan,121000
161,Food Stall,BH-7 Complex,95,6,89,80,4,12549,38505,8551,1,0,Jan,156480
162,Cafe,BH-1 Complex,154,3,82,109,4,15793,33792,4340,0,1,Feb,200264
163,Clothing,BH-7 Complex,91,1,114,65,2,14597,25382,8437,0,1,Aug,172300
164,Salon,BH-1 Complex,145,2,89,73,3,9138,22693,4072,0,1,Oct,138413
165,Food Stall,BH-7 Complex,210,3,84,61,1,10259,23286,9901,1,1,Feb,93472
166,Clothing,BH-7 Complex,91,4,67,80,2,6963,31920,11246,0,1,Nov,105440
167,Salon,BH-1 Complex,241,9,61,119,2,12610,21430,11154,0,1,Aug,167770
168,Salon,UniMall,235,3,138,68,4,16322,27168,9218,0,1,Aug,231520
169,Clothing,BH-5 Complex,203,6,76,96,2,7403,24011,7292,0,1,Mar,168880
170,Mobile Shop,BH-7 Complex,209,5,66,86,5,7549,24956,10140,1,0,Jul,114604
171,Salon,BH-7 Complex,161,5,64,60,5,12356,39817,10636,0,0,Jan,57520
172,Salon,Law Gate,113,4,119,70,4,12036,33739,9887,0,1,Apr,199900
173,Food Stall,UniMall,199,9,88,97,1,12164,25636,6672,0,0,Jan,197544
174,Clothing,BH-1 Complex,113,8,69,109,3,14123,33663,4788,0,0,Jan,168109
175,Salon,UniMall,166,1,119,82,5,13083,37614,6148,1,0,Jan,223224
176,Stationery,BH-5 Complex,222,3,64,79,3,16142,31749,11395,0,0,May,91568
177,Cafe,BH-5 Complex,160,8,64,89,1,17615,25759,9439,1,1,Mar,115184
178,Food Stall,Law Gate,198,2,108,95,2,12979,24832,6216,1,0,Aug,247540
179,Clothing,Law Gate,90,1,61,113,2,15908,21303,10494,0,0,Nov,143004
180,Clothing,BH-5 Complex,111,3,137,119,1,13128,26889,6837,0,0,Jul,422787
181,Salon,BH-7 Complex,205,8,98,108,4,17182,39081,6196,0,0,Jun,246352
182,Salon,BH-5 Complex,106,2,148,81,3,9537,28057,10684,0,0,Jun,285664
183,Mobile Shop,BH-1 Complex,102,7,102,96,4,7376,23706,4702,0,1,Aug,224176
184,Clothing,BH-1 Complex,143,2,117,75,3,11995,31898,4448,0,1,Jul,195700
185,Clothing,BH-5 Complex,165,6,86,61,4,8159,20132,9512,1,0,Feb,96888
186,Mobile Shop,BH-1 Complex,180,4,112,116,5,9983,16778,11902,0,1,Jun,339760
187,Salon,Law Gate,117,4,85,96,4,11588,28109,6023,1,0,Jul,186640
188,Cafe,BH-5 Complex,211,8,130,63,2,9586,31087,11908,0,1,Dec,179320
189,Mobile Shop,BH-7 Complex,155,6,119,78,5,9390,20997,10354,1,0,Apr,209896
190,Clothing,UniMall,126,9,114,108,4,16720,16169,4830,0,0,Jun,319360
191,Mobile Shop,BH-5 Complex,154,7,63,79,1,8010,39974,5733,1,0,Apr,99310
192,Mobile Shop,BH-7 Complex,160,3,120,69,5,11068,28930,7696,0,1,Oct,190120
193,Cafe,BH-7 Complex,179,6,128,88,2,16195,17096,11060,0,1,Feb,265392
194,Mobile Shop,BH-5 Complex,187,9,94,60,4,16851,25053,6856,0,1,Aug,107920
195,Mobile Shop,Law Gate,159,6,89,81,2,6162,16974,7291,1,0,Sep,166270
196,Stationery,UniMall,100,4,104,95,2,8643,23017,6297,0,0,Feb,246400
197,Salon,Law Gate,233,8,91,115,1,7171,36975,7726,0,1,May,263950
198,Food Stall,BH-7 Complex,207,9,62,82,5,14100,33322,4370,0,0,Apr,97436
199,Salon,Law Gate,107,9,130,81,1,8336,24879,11740,0,0,Jun,265900
200,Food Stall,Law Gate,153,2,124,69,3,17780,32921,10165,0,0,Aug,189568
201,Food Stall,BH-7 Complex,99,4,99,97,4,6610,16727,6290,0,0,May,238090
202,Clothing,Law Gate,192,2,138,81,1,13548,21823,6105,0,0,Dec,274162
203,Food Stall,BH-1 Complex,226,5,101,111,3,10869,30795,5814,0,0,Aug,286330
204,Food Stall,Law Gate,121,4,83,119,4,16403,22239,10710,0,1,Mar,226556
205,Clothing,UniMall,87,5,86,109,4,10135,21629,6976,1,0,Jun,231220
206,Salon,BH-7 Complex,100,2,78,91,4,13183,36632,4574,1,1,Nov,148744
207,Food Stall,BH-5 Complex,241,5,86,64,3,12274,25592,6243,0,1,Apr,104112
208,Clothing,BH-5 Complex,210,5,109,65,4,13544,36953,6990,1,0,May,162550
209,Cafe,BH-1 Complex,102,6,94,111,1,12450,28230,8433,1,0,Nov,252586
210,Clothing,UniMall,227,1,94,92,3,12049,16089,8578,0,0,Jun,192144
211,Clothing,BH-5 Complex,224,7,74,80,1,15528,32332,7373,1,1,Feb,127600
212,Mobile Shop,BH-5 Complex,151,3,65,118,3,8454,35058,5377,1,0,Apr,180100
213,Mobile Shop,UniMall,162,3,84,99,3,10249,29949,5750,1,1,Apr,191164
214,Clothing,UniMall,98,4,104,66,5,13230,30432,6810,0,0,Sep,149056
215,Mobile Shop,UniMall,147,8,123,92,2,7762,26240,6381,0,0,Sep,266848
216,Clothing,BH-1 Complex,90,2,114,75,5,15277,33863,5693,0,0,Apr,189400
217,Salon,UniMall,147,3,126,103,1,13156,17044,11368,0,1,Aug,313384
218,Mobile Shop,UniMall,226,4,104,82,5,7447,21581,7659,0,1,Jun,205840
219,Clothing,BH-5 Complex,229,3,79,116,4,7846,32862,6395,1,1,Jul,206592
220,Food Stall,Law Gate,224,6,60,67,2,10005,22429,6261,1,0,Oct,70600
221,Mobile Shop,BH-1 Complex,163,8,124,116,1,15836,17800,8962,0,0,Jan,352752
222,Salon,BH-7 Complex,141,6,121,67,1,10987,30200,8697,0,0,Sep,193210
223,Food Stall,BH-7 Complex,90,3,76,83,3,8866,26834,4182,0,0,Jan,126624
224,Salon,BH-7 Complex,188,1,99,103,5,17595,27871,8551,1,1,May,255910
225,Salon,UniMall,163,2,67,84,2,14365,28654,7741,0,0,Apr,118840
226,Clothing,UniMall,155,3,141,96,1,7774,25651,4935,1,1,Sep,356080
227,Stationery,UniMall,200,7,133,61,4,16058,24101,8305,0,1,May,193390
228,Cafe,UniMall,248,3,61,88,3,6386,21031,7421,0,0,Oct,105672
229,Food Stall,BH-5 Complex,100,6,144,108,3,10318,22064,11446,0,1,Jul,416560
230,Cafe,BH-1 Complex,235,9,132,112,3,17897,18259,7435,0,0,Sep,378736
231,Salon,BH-5 Complex,244,8,92,83,1,9361,37967,11835,0,0,Oct,179080
232,Stationery,BH-1 Complex,128,1,119,77,5,11546,26246,9598,0,1,Aug,224890
233,Salon,Law Gate,148,8,135,97,3,7054,30747,9744,0,0,Oct,316660
234,Stationery,Law Gate,85,5,86,105,2,10458,21591,5257,1,0,Oct,211870
235,Food Stall,BH-7 Complex,156,4,94,82,1,6785,21139,10344,0,0,Apr,173532
236,Salon,BH-7 Complex,202,7,128,96,3,8352,16932,6721,0,1,Mar,294064
237,Clothing,BH-1 Complex,208,8,144,105,5,15748,23491,4138,0,1,Nov,403600
238,Mobile Shop,UniMall,231,3,110,76,5,9835,39401,6151,1,0,May,200800
239,Stationery,BH-7 Complex,177,6,76,96,5,9730,25238,10207,0,0,Jun,161584
240,Food Stall,Law Gate,91,6,70,98,1,15168,16207,9139,1,0,Dec,142080
241,Clothing,BH-1 Complex,240,8,111,91,3,13166,27982,11929,0,0,Feb,242929
242,Clothing,BH-7 Complex,242,9,140,110,4,9802,36083,5970,0,1,Jan,381200
243,Salon,BH-7 Complex,110,7,131,78,2,11442,17490,10980,0,1,Nov,256540
244,Clothing,Law Gate,248,8,126,113,3,11929,27413,4276,0,1,Mar,362902
245,Stationery,UniMall,115,9,78,109,5,10208,26590,4541,1,0,Aug,196558
246,Stationery,Law Gate,183,7,67,64,1,17390,23448,7747,1,0,Apr,70064
247,Stationery,BH-5 Complex,113,3,89,90,3,7098,34810,7655,1,1,Jan,182290
248,Cafe,BH-7 Complex,190,2,93,101,3,13355,21465,8545,1,1,Jul,222397
249,Food Stall,UniMall,237,5,86,113,5,13398,32972,7878,0,0,Sep,222104
250,Mobile Shop,Law Gate,89,4,84,81,4,16576,31566,11190,0,0,Feb,154120
251,Stationery,Law Gate,91,7,87,105,2,12846,33691,5228,0,1,Nov,205780
252,Cafe,Law Gate,175,6,135,108,1,11086,38545,5884,0,1,Sep,387400
253,Stationery,UniMall,144,3,65,64,1,11951,20276,4667,1,0,Apr,66480
254,Clothing,BH-1 Complex,244,1,141,74,2,16380,17224,4197,0,0,Dec,263020
255,Stationery,BH-7 Complex,180,1,148,115,4,12318,35180,7988,0,1,Sep,460600
256,Food Stall,BH-7 Complex,127,7,132,80,4,11842,16316,6857,1,0,Feb,266800
257,Salon,Law Gate,220,4,137,94,2,15083,20574,8072,0,1,Nov,310584
258,Salon,BH-7 Complex,241,9,113,115,4,8016,25860,5878,1,0,Dec,326855
259,Salon,BH-5 Complex,92,9,103,80,1,7461,36568,4355,0,0,Dec,188960
260,Cafe,UniMall,179,3,106,112,1,17788,35132,7173,1,0,Dec,294288
261,Cafe,UniMall,163,7,113,111,4,14931,16401,7259,0,0,Dec,301204
262,Mobile Shop,UniMall,241,5,117,71,5,17956,20818,6222,0,1,Jul,199210
263,Clothing,BH-1 Complex,239,8,116,71,1,12516,35963,4972,0,0,Jun,197080
264,Cafe,BH-5 Complex,158,7,118,63,4,14680,17204,6657,0,1,Sep,173020
265,Food Stall,UniMall,138,7,64,115,2,17594,38067,4277,1,1,Nov,163440
266,Clothing,BH-5 Complex,144,1,104,78,4,14652,35148,10599,0,1,Sep,193360
267,Food Stall,Law Gate,84,4,106,90,4,10781,18313,6841,0,0,Jan,217120
268,Salon,BH-7 Complex,213,6,109,97,2,8783,18644,9241,0,0,Mar,267190
269,Food Stall,BH-1 Complex,156,2,65,88,3,17498,23811,7232,0,1,Sep,110160
270,Stationery,Law Gate,155,5,75,63,1,15467,34127,9951,1,0,Jun,91750
271,Salon,BH-1 Complex,204,2,141,85,1,15475,15619,4882,1,0,Feb,297565
272,Clothing,UniMall,118,1,93,114,3,8409,23199,6525,1,1,Jun,246856
273,Clothing,BH-5 Complex,249,5,103,68,2,12217,35003,5636,0,1,Aug,146112
274,Salon,BH-1 Complex,187,4,107,86,1,16852,30514,6936,0,1,Feb,216858
275,Stationery,BH-5 Complex,227,5,60,91,3,16844,35806,7824,0,0,Oct,102880
276,Salon,BH-1 Complex,161,4,137,76,1,14307,19956,6003,0,0,Apr,251948
277,Salon,Law Gate,224,6,146,69,2,9786,24256,8200,0,0,Apr,252220
278,Cafe,BH-1 Complex,226,7,128,70,2,6660,37626,6635,1,0,Apr,218800
279,Food Stall,BH-1 Complex,191,7,82,101,4,16867,18180,8316,0,0,Oct,198460
280,Salon,BH-5 Complex,103,8,74,94,2,15582,30639,7354,1,0,Jan,144768
281,Mobile Shop,BH-7 Complex,141,9,146,112,1,17116,31964,8958,0,0,Jun,440560
282,Stationery,BH-1 Complex,165,4,116,69,4,9156,26580,8307,0,1,Apr,190120
283,Mobile Shop,BH-7 Complex,104,3,100,64,1,17606,33233,4305,0,1,Jun,129200
284,Food Stall,BH-1 Complex,110,2,98,75,1,14501,17708,5991,0,1,Jun,163150
285,Salon,UniMall,144,9,76,63,3,6152,37138,6964,0,1,Aug,93640
286,Food Stall,Law Gate,246,9,125,99,1,13263,16914,11365,0,0,Sep,321250
287,Stationery,UniMall,142,1,72,65,4,7363,24523,6292,0,0,Jan,85720
288,Clothing,Law Gate,192,3,140,62,3,9171,32951,11007,1,0,Oct,201720
289,Stationery,BH-7 Complex,162,6,92,73,1,10796,28046,10019,0,0,May,144764
290,Salon,BH-1 Complex,226,9,124,64,4,17599,15389,4999,0,1,Feb,188080
291,Stationery,Law Gate,95,7,81,110,3,10068,25758,7277,0,0,Aug,199480
292,Mobile Shop,UniMall,84,9,71,112,4,16116,31523,5424,0,0,Nov,188560
293,Stationery,Law Gate,126,7,92,109,4,6018,36205,10340,1,1,Jul,230784
294,Salon,BH-5 Complex,108,8,138,82,2,12358,39703,9941,1,1,Aug,278164
295,Cafe,BH-7 Complex,235,9,149,88,5,12160,25561,4517,0,0,Jan,330248
296,Food Stall,BH-1 Complex,81,8,108,71,2,13162,28065,10241,0,0,Jul,180040
297,Mobile Shop,BH-5 Complex,187,3,98,86,4,7518,37547,6600,0,0,May,185984
298,Food Stall,UniMall,175,6,93,81,1,7742,16306,7849,0,0,Feb,175990
299,Cafe,BH-7 Complex,158,6,88,63,3,8642,24369,10104,1,0,Jun,105232
300,Food Stall,UniMall,243,3,89,84,1,14475,19396,5091,0,1,Oct,159328
301,Cafe,Law Gate,106,6,91,91,2,14367,20285,6704,0,1,Sep,190149
302,Stationery,Law Gate,226,8,87,106,4,9676,17426,4072,0,1,Oct,226660
303,Salon,BH-5 Complex,126,1,109,79,1,17943,25278,4368,0,0,Feb,191108
304,Food Stall,BH-1 Complex,95,2,99,70,2,11041,35285,5337,1,0,Apr,144040
305,Food Stall,BH-1 Complex,87,3,118,72,2,16626,16993,4869,0,0,Nov,196384
306,Mobile Shop,BH-7 Complex,216,2,148,98,3,10027,26035,6912,0,1,Nov,356112
307,Clothing,BH-1 Complex,116,2,119,97,2,6679,25659,7697,0,1,Oct,284747
308,Mobile Shop,BH-5 Complex,208,7,116,72,3,14326,18644,8970,0,1,Jan,192208
309,Clothing,BH-7 Complex,188,4,97,80,3,6644,17032,6761,0,0,Apr,167280
310,Food Stall,BH-7 Complex,140,4,71,119,1,16551,36225,7606,1,0,Jul,203470
311,Cafe,UniMall,192,5,64,95,5,12121,16200,11529,0,0,Mar,126320
312,Clothing,BH-1 Complex,237,9,98,81,1,16869,15086,6512,0,1,Apr,172264
313,Cafe,BH-7 Complex,213,2,82,104,1,17510,18687,4596,0,0,Oct,188784
314,Cafe,UniMall,107,7,137,117,3,17259,39690,6979,0,1,Aug,414841
315,Mobile Shop,UniMall,98,3,131,102,2,14328,30534,7360,0,1,Feb,324136
316,Salon,UniMall,143,7,72,113,2,17169,19188,8015,0,0,Oct,177808
317,Food Stall,UniMall,141,1,108,62,3,6816,28414,4820,0,0,May,150880
318,Food Stall,BH-7 Complex,165,9,91,85,3,9893,21811,5096,0,0,Jul,166580
319,Salon,BH-1 Complex,218,5,137,88,1,6658,20057,8008,1,1,Feb,311680
320,Clothing,BH-5 Complex,195,9,67,81,1,8763,37712,9991,0,0,Jun,107383
321,Stationery,BH-1 Complex,143,8,138,79,3,6634,26996,6370,1,0,Dec,255256
322,Stationery,Law Gate,141,1,134,117,1,16858,37623,11581,0,1,Aug,420340
323,Cafe,Law Gate,180,7,138,107,2,16147,36639,11368,1,0,Mar,363448
324,Food Stall,BH-5 Complex,213,1,123,103,3,8618,36062,7163,0,1,Oct,304732
325,Mobile Shop,BH-1 Complex,136,8,145,101,5,9516,34724,10410,0,0,Dec,374705
326,Cafe,Law Gate,219,3,69,103,2,9278,36839,6640,0,1,Jan,163210
327,Stationery,BH-7 Complex,208,5,121,97,2,10334,35674,6725,0,1,Jul,278636
328,Mobile Shop,BH-5 Complex,180,4,81,69,4,15166,16230,6435,0,0,May,117670
329,Salon,BH-5 Complex,199,2,122,81,1,10500,31034,9710,1,1,Aug,236578
330,Food Stall,BH-7 Complex,117,4,88,66,4,12033,30623,6378,0,1,Oct,112624
331,Food Stall,BH-1 Complex,228,3,126,104,3,17918,37780,6828,0,0,May,343120
332,Cafe,UniMall,179,7,94,81,3,17678,25701,4919,0,1,May,170806
333,Salon,BH-1 Complex,153,9,144,69,4,16776,15067,5596,0,1,Nov,248080
334,Stationery,BH-7 Complex,91,2,114,87,4,9262,32722,8996,1,0,Jun,227704
335,Mobile Shop,Law Gate,199,7,84,73,3,10383,34345,7226,0,0,Sep,133960
336,Food Stall,BH-5 Complex,222,8,118,84,4,8505,15917,5874,0,0,Jan,227536
337,Food Stall,BH-1 Complex,122,8,105,73,4,17667,19529,5135,1,0,Aug,172285
338,Food Stall,Law Gate,115,6,149,89,2,9020,33241,4804,1,0,Nov,321308
339,Clothing,BH-5 Complex,223,7,81,79,5,13129,20021,11888,1,1,Nov,129172
340,Food Stall,UniMall,87,5,112,82,4,8259,25020,5257,0,0,Dec,225520
341,Stationery,Law Gate,150,2,108,76,3,15116,37418,8589,0,0,Oct,188032
342,Salon,UniMall,119,8,91,111,4,12628,34539,7970,0,1,Aug,253030
343,Clothing,BH-7 Complex,92,4,115,119,5,10134,26803,11216,0,1,Feb,346865
344,Mobile Shop,Law Gate,110,7,123,97,3,7879,27158,11543,0,1,May,307930
345,Stationery,BH-5 Complex,191,7,123,97,1,7447,34583,10381,0,1,Oct,295999
346,Food Stall,BH-7 Complex,168,2,116,114,3,12324,37711,4225,1,1,Oct,333496
347,Food Stall,UniMall,119,4,74,74,2,15718,36158,11692,0,0,Sep,114280
348,Food Stall,BH-1 Complex,127,2,122,71,4,7234,21587,9446,0,0,Aug,201198
349,Stationery,BH-7 Complex,169,6,72,104,4,8032,16252,9509,1,1,Nov,159664
350,Stationery,BH-7 Complex,229,6,122,97,1,15949,36954,11579,1,0,Oct,281352
351,Salon,BH-5 Complex,168,9,62,118,5,15018,37302,4348,1,0,Jun,154848
352,Food Stall,BH-5 Complex,160,6,63,72,4,16878,17985,11793,0,0,Jan,77008
353,Mobile Shop,BH-1 Complex,190,7,83,117,5,11850,35588,11446,0,1,Jul,231619
354,Salon,Law Gate,173,2,61,113,5,13678,24104,7357,0,1,Jul,149897
355,Clothing,Law Gate,187,5,140,99,4,12771,31526,9320,0,1,Sep,365800
356,Cafe,UniMall,111,1,113,106,5,15259,17786,9962,0,1,Aug,285384
357,Stationery,BH-1 Complex,182,1,86,71,1,9303,34497,11869,0,1,May,120968
358,Mobile Shop,UniMall,194,8,99,82,1,14100,15191,4498,0,0,Aug,185422
359,Mobile Shop,BH-5 Complex,117,7,142,98,5,14464,24221,7218,1,1,Oct,367480
360,Food Stall,UniMall,162,3,108,102,3,6307,39121,7359,1,0,Aug,269464
361,Food Stall,BH-5 Complex,110,8,122,71,5,10005,26755,4922,0,0,Oct,201198
362,Cafe,BH-1 Complex,146,8,83,113,5,7096,24497,4915,0,1,Jan,221991
363,Cafe,Law Gate,163,7,74,94,4,17956,30641,9806,0,1,Jan,144768
364,Food Stall,BH-5 Complex,195,6,148,61,5,9970,38929,8244,1,0,Jun,211812
365,Mobile Shop,UniMall,100,8,74,117,1,8925,36427,4974,0,0,Nov,201082
366,Stationery,BH-1 Complex,119,2,106,82,2,14721,27948,8059,0,0,Jul,210760
367,Salon,BH-1 Complex,181,5,134,64,1,17500,16716,4310,1,1,Aug,198704
368,Clothing,Law Gate,202,8,119,110,5,11898,33395,10251,0,0,Sep,329610
369,Clothing,UniMall,101,8,117,80,5,12686,16587,11000,0,0,Oct,230800
370,Mobile Shop,BH-1 Complex,87,1,113,101,1,11454,24424,8117,0,0,Jun,269564
371,Mobile Shop,BH-7 Complex,222,6,140,107,5,10524,34205,8258,0,0,May,384420
372,Cafe,Law Gate,126,5,94,119,2,13984,15406,11384,0,0,Feb,274394
373,Salon,BH-5 Complex,198,3,77,63,3,11368,19621,5485,0,1,Mar,85828
374,Clothing,BH-7 Complex,204,1,78,79,3,14095,37649,8527,1,0,Apr,134860
375,Mobile Shop,BH-5 Complex,119,4,72,65,5,15343,25637,5956,0,0,Feb,85720
376,Food Stall,BH-7 Complex,87,7,90,62,4,10887,18854,8266,1,1,Sep,111820
377,Clothing,Law Gate,205,7,139,94,5,15673,20316,6780,0,1,Dec,328914
378,Cafe,Law Gate,175,9,63,88,5,8053,23479,9737,1,0,Aug,116320
379,Clothing,BH-5 Complex,160,9,122,62,3,9722,19906,9520,0,1,Jun,169356
380,Stationery,BH-7 Complex,82,9,94,81,4,10051,33581,9999,0,0,Feb,163192
381,Salon,BH-5 Complex,109,9,132,82,4,7106,31508,7246,0,0,Sep,263896
382,Food Stall,UniMall,157,3,133,73,4,15208,27662,10782,0,0,Nov,231561
383,Food Stall,Law Gate,155,9,70,80,2,13381,36164,6950,1,0,Jan,106800
384,Mobile Shop,UniMall,187,4,77,94,2,14378,16881,10799,0,0,Aug,152664
385,Clothing,BH-7 Complex,122,1,66,106,5,10670,38527,8987,0,0,Aug,159880
386,Mobile Shop,Law Gate,150,4,128,85,4,16076,30972,4925,1,1,Apr,265520
387,Salon,BH-1 Complex,134,4,106,105,5,10713,18092,8159,0,0,Apr,283900
388,Mobile Shop,BH-7 Complex,98,7,61,81,2,13108,24141,7939,0,1,Apr,93289
389,Stationery,BH-1 Complex,117,6,81,111,4,6931,28128,11910,0,1,Sep,219730
390,Salon,Law Gate,147,2,91,63,5,7873,38165,11754,1,0,Jul,116257
391,Salon,BH-7 Complex,238,3,127,78,5,16717,27450,6488,1,0,Oct,237274
392,Mobile Shop,BH-7 Complex,238,8,61,61,1,11983,31527,4015,0,0,Jul,54188
393,Food Stall,BH-1 Complex,171,1,85,106,4,15099,17654,7792,1,1,Oct,211290
394,Cafe,BH-1 Complex,154,3,83,63,4,12553,35426,7367,0,1,Jun,106870
395,Clothing,UniMall,175,8,125,108,1,8077,28907,11845,0,1,Oct,341500
396,Clothing,Law Gate,186,9,106,96,2,7260,22701,4184,0,0,Dec,245104
397,Cafe,BH-5 Complex,118,2,99,68,1,14713,25079,6552,0,1,Jun,145228
398,Clothing,BH-7 Complex,235,4,86,61,5,11197,30553,11452,0,0,May,107380
399,Clothing,BH-5 Complex,243,6,77,83,5,10769,20247,6361,1,1,Jan,135339
400,Salon,BH-1 Complex,223,5,104,95,4,14386,32046,4479,0,0,Jul,236520
401,Salon,BH-5 Complex,224,9,137,65,4,13148,39150,7213,0,0,Apr,199340
402,Food Stall,BH-7 Complex,110,3,146,99,1,8253,19942,8138,0,0,Jul,383620
403,Salon,UniMall,108,6,91,99,1,12394,39275,6338,0,1,May,202252
404,Stationery,BH-1 Complex,236,6,148,67,2,14832,29166,8703,0,1,Mar,247480
405,Salon,BH-5 Complex,149,8,124,117,5,14320,20968,8801,0,0,Dec,356224
406,Salon,BH-5 Complex,152,7,94,64,4,13531,22371,10355,0,1,Nov,130480
407,Clothing,BH-5 Complex,190,5,104,102,5,12331,34896,9205,1,0,Apr,247024
408,Stationery,BH-7 Complex,235,9,131,101,4,9823,38154,5049,0,1,Mar,333699
409,Cafe,BH-1 Complex,90,6,71,74,2,12582,33186,6713,0,1,Apr,107620
410,Stationery,BH-7 Complex,147,9,101,87,4,7466,35341,5966,1,0,Nov,196036
411,Food Stall,BH-7 Complex,168,6,110,112,1,9892,15599,8815,1,1,Jan,294960
412,Salon,Law Gate,107,9,66,105,2,16762,29312,11382,1,0,Jan,150970
413,Stationery,BH-5 Complex,172,8,95,73,1,9618,35827,4272,0,0,May,151115
414,Mobile Shop,UniMall,248,9,123,113,5,17350,37744,11657,0,1,Jan,353071
415,Food Stall,BH-5 Complex,83,1,60,103,2,7211,24121,5539,1,0,Aug,123040
416,Stationery,UniMall,225,3,142,95,3,14947,28946,9930,0,0,Jan,341210
417,Mobile Shop,BH-1 Complex,145,4,98,107,2,14111,30848,7715,0,0,Jan,254094
418,Clothing,BH-1 Complex,180,2,117,85,5,11209,21533,8677,0,1,Oct,248350
419,Mobile Shop,BH-7 Complex,155,7,71,113,5,14346,34878,4904,0,0,Feb,182667
420,Stationery,Law Gate,245,5,111,98,2,6171,39849,6306,0,0,Oct,254584
421,Mobile Shop,Law Gate,206,6,70,63,2,17459,21748,10103,1,0,Jul,82300
422,Clothing,BH-1 Complex,198,1,75,90,1,11798,24627,4223,0,1,May,145750
423,Cafe,BH-1 Complex,118,7,146,64,5,9124,23671,7514,0,0,Oct,220976
424,Mobile Shop,BH-7 Complex,172,3,88,74,3,17781,20515,6670,0,1,Apr,145360
425,Salon,BH-1 Complex,88,5,106,63,1,6556,39406,7087,1,1,Feb,150340
426,Mobile Shop,UniMall,129,9,100,81,1,15643,17313,5514,1,1,Sep,176800
427,Salon,BH-1 Complex,157,2,95,116,3,15642,20649,7261,0,1,Mar,280600
428,Clothing,UniMall,147,9,115,86,2,12280,30327,8563,0,1,Jun,246700
429,Food Stall,BH-5 Complex,197,2,139,83,2,8653,18340,11876,0,0,Feb,296110
430,Stationery,BH-1 Complex,114,7,106,71,5,13116,16784,7510,0,1,Dec,175780
431,Mobile Shop,BH-1 Complex,161,7,147,100,4,10658,38466,6934,0,0,Mar,361600
432,Cafe,BH-1 Complex,177,3,87,118,5,9197,20296,11204,0,0,Jun,237448
433,Clothing,BH-7 Complex,105,8,75,87,5,10539,23876,7629,1,0,Jul,145750
434,Salon,BH-1 Complex,225,7,123,82,1,11014,16375,5181,0,0,Nov,252580
435,Cafe,BH-5 Complex,170,6,104,103,3,9159,19530,4681,0,0,May,260648
436,Salon,BH-7 Complex,171,1,149,99,4,17440,29678,7731,0,0,Feb,363028
437,Mobile Shop,BH-7 Complex,154,2,100,65,3,8296,22164,6597,0,0,Aug,145000
438,Salon,BH-1 Complex,80,4,78,77,1,16099,22036,10487,0,1,Nov,118168
439,Stationery,UniMall,95,6,148,75,3,6220,29226,10038,0,0,Jan,271900
440,Salon,BH-7 Complex,213,5,93,75,2,11521,30905,4344,0,1,Nov,159250
441,Clothing,Law Gate,167,4,98,90,5,7033,29877,6040,1,0,Aug,205780
442,Stationery,UniMall,131,5,68,104,5,12297,31655,4142,0,1,Feb,148016
443,Food Stall,BH-1 Complex,189,9,72,63,5,13788,30689,7260,0,1,Oct,81544
444,Clothing,UniMall,131,7,72,95,2,9339,31932,9193,0,1,Jul,141520
445,Salon,UniMall,110,2,99,98,4,7174,26469,4178,0,0,Feb,221656
446,Mobile Shop,BH-1 Complex,178,2,84,72,3,17110,15731,5129,0,1,Mar,125392
447,Food Stall,BH-5 Complex,94,9,145,118,4,6893,16390,7389,1,1,Jan,463300
448,Mobile Shop,BH-1 Complex,151,2,142,97,4,16544,32551,4110,0,0,Jan,363220
449,Clothing,UniMall,85,8,122,104,2,7030,30881,6593,1,1,Sep,305264
450,Stationery,Law Gate,107,3,114,76,3,16570,30897,7454,1,0,Oct,201256
451,Stationery,BH-1 Complex,99,6,107,80,3,15399,33278,11389,1,1,Aug,198240
452,Stationery,UniMall,166,9,115,113,3,6378,35213,10380,1,0,Feb,339850
453,Food Stall,BH-1 Complex,212,3,122,95,4,12120,37202,4382,1,0,Jan,274520
454,Mobile Shop,Law Gate,158,6,83,111,3,11969,24265,11669,0,1,Aug,226390
455,Salon,BH-5 Complex,92,1,138,62,2,11068,20480,4983,0,0,Sep,198124
456,Salon,UniMall,117,8,141,113,3,11596,31374,7998,0,0,Sep,427990
457,Salon,BH-1 Complex,95,2,115,89,2,10435,34028,11612,0,0,Oct,236580
458,Mobile Shop,UniMall,148,5,61,63,4,12054,16505,4861,0,0,May,57604
459,Mobile Shop,Law Gate,236,6,132,64,3,11953,39840,6659,0,1,Jan,194992
460,Stationery,UniMall,107,9,60,83,4,9153,38834,5706,1,0,Feb,89440
461,Salon,Law Gate,192,5,146,109,3,10567,24271,10768,0,0,Feb,411506
462,Clothing,BH-1 Complex,150,8,82,113,2,8809,19961,4825,1,1,Jun,227980
463,Salon,Law Gate,157,9,124,63,3,14243,17410,5820,0,1,Aug,176548
464,Stationery,UniMall,139,3,110,65,5,6240,34824,8631,1,1,Mar,164500
465,Cafe,Law Gate,96,6,100,101,1,12080,28854,11325,1,1,Mar,242900
466,Salon,UniMall,131,5,115,114,5,14107,39354,7185,0,0,Jan,343300
467,Cafe,BH-5 Complex,144,4,80,112,2,6060,24269,9799,0,0,Nov,218800
468,Cafe,BH-7 Complex,157,7,82,66,3,9398,17155,9966,1,0,Jan,101536
469,Food Stall,BH-7 Complex,137,6,71,65,3,12943,26112,11507,0,0,Jul,83835
470,Cafe,UniMall,115,7,82,85,3,9918,32451,4026,1,0,Jul,145160
471,Salon,Law Gate,114,3,139,82,5,13798,35175,5357,0,1,Jul,280542
472,Stationery,UniMall,80,4,130,62,2,16271,37814,6641,0,0,Apr,183740
473,Cafe,BH-1 Complex,135,9,80,119,3,17360,25313,11794,1,0,Nov,216560
474,Food Stall,BH-5 Complex,101,1,117,61,3,12257,22366,6060,0,1,Nov,164110
475,Food Stall,UniMall,136,2,97,100,1,6343,27653,11287,0,1,Apr,221600
476,Cafe,BH-1 Complex,164,5,140,76,2,12961,33799,5117,1,0,Jan,247920
477,Food Stall,UniMall,236,4,77,101,2,6556,28393,5552,0,0,Nov,167756
478,Salon,BH-1 Complex,169,4,68,72,2,6154,22950,11131,0,0,Dec,96880
479,Cafe,BH-1 Complex,96,1,108,77,4,17394,29785,10112,1,0,Nov,182848
480,Clothing,BH-7 Complex,197,7,108,114,4,9426,35167,9427,1,1,Jan,307048
481,Salon,BH-5 Complex,213,4,108,84,1,8511,15143,6489,0,0,Jul,213088
482,Stationery,BH-5 Complex,147,2,92,85,4,6300,32107,9694,0,1,Dec,168960
483,Clothing,Law Gate,228,4,92,72,2,15943,17941,6657,0,0,Jul,142096
484,Stationery,BH-5 Complex,119,2,140,107,4,7299,37202,10701,0,0,Dec,384420
485,Stationery,BH-7 Complex,130,8,65,72,3,9089,15523,8275,0,1,Nov,85720
486,Stationery,Law Gate,148,7,107,66,5,17332,21666,4142,0,1,Jun,161860
487,Salon,BH-1 Complex,198,7,76,85,2,7172,35901,5641,1,0,Feb,130880
488,Mobile Shop,BH-1 Complex,80,7,100,69,4,7936,28968,4962,0,1,May,150100
489,Clothing,UniMall,153,2,145,116,5,8244,15018,4641,0,1,Dec,437780
490,Clothing,Law Gate,191,8,132,61,4,7674,25875,7380,0,0,Jun,183508
491,Clothing,UniMall,208,6,144,81,5,8283,24521,4477,0,0,Jul,276592
492,Stationery,Law Gate,199,8,121,117,5,7680,23433,11461,0,1,Jul,360553
493,Clothing,BH-5 Complex,127,9,147,92,4,14119,17779,8920,0,1,Sep,355720
494,Mobile Shop,BH-7 Complex,110,7,134,82,1,12200,23371,4231,1,0,Jan,268652
495,Mobile Shop,BH-7 Complex,109,5,143,94,2,13164,19497,6669,0,1,Feb,353260
496,Food Stall,BH-5 Complex,121,3,117,85,2,6942,19620,7879,0,0,Jul,228460
497,Salon,UniMall,215,2,113,75,1,16379,36271,4545,0,0,Jun,187300
498,Stationery,Law Gate,155,2,72,78,3,11378,37617,6663,1,0,May,107248
499,Cafe,BH-5 Complex,95,7,145,71,4,11092,21022,8377,1,0,May,248555
500,Cafe,Law Gate,206,7,134,69,4,11288,20812,10509,0,0,Apr,208888
501,Salon,BH-7 Complex,230,5,144,65,5,12154,22787,8121,0,1,Aug,212080
502,Clothing,BH-7 Complex,185,9,136,82,4,13311,15989,8284,0,1,Jan,284560
503,Clothing,BH-1 Complex,189,2,68,71,5,17189,34187,7765,0,0,Oct,85184
504,Food Stall,UniMall,180,3,137,70,2,14613,17883,5204,0,0,May,228110
505,Clothing,Law Gate,159,8,142,113,4,8569,20515,5013,1,0,Apr,431380
506,Stationery,UniMall,184,4,126,68,5,15524,19753,11082,0,0,Dec,189904
507,Cafe,UniMall,191,8,101,75,3,15057,34177,11680,0,1,Oct,162100
508,Food Stall,BH-5 Complex,209,1,108,97,3,7173,23624,10202,0,1,Jan,264280
509,Stationery,BH-5 Complex,237,4,149,75,3,17630,20580,11054,0,0,Sep,262900
510,Clothing,Law Gate,166,6,108,71,5,11588,33231,10851,0,1,May,180040
511,Mobile Shop,BH-7 Complex,225,4,80,74,4,9057,19428,4402,1,1,Dec,115760
512,Cafe,BH-7 Complex,134,9,66,116,5,6579,39058,4545,0,0,Oct,164368
513,Mobile Shop,BH-7 Complex,109,5,119,110,1,15408,38131,4880,0,1,Sep,316520
514,Stationery,BH-5 Complex,129,1,121,90,5,9367,38722,9694,1,1,Nov,254920
515,Food Stall,UniMall,150,5,108,95,4,17529,37622,4261,1,1,Jul,247540
516,Salon,Law Gate,136,3,79,97,1,14347,26780,10775,1,0,May,172227
517,Clothing,BH-5 Complex,188,2,99,62,5,10332,15997,8076,0,1,Jun,121864
518,Cafe,BH-1 Complex,214,6,136,108,2,8248,32232,6556,1,0,Jan,390640
519,Salon,Law Gate,196,6,86,106,3,6574,28330,5552,0,1,Aug,214364
520,Clothing,BH-7 Complex,130,8,104,63,5,9992,22837,4203,0,1,Dec,140008
521,Food Stall,BH-5 Complex,88,8,141,76,4,6343,36782,4208,1,0,Mar,260764
522,Food Stall,Law Gate,126,7,135,79,4,8772,25672,10252,0,1,Nov,248620
523,Cafe,BH-5 Complex,225,6,77,118,3,6988,16502,5789,0,1,Aug,222580
524,Mobile Shop,BH-5 Complex,246,4,110,94,1,8436,20517,7803,1,0,Jun,249860
525,Food Stall,UniMall,214,9,90,82,4,16917,34766,8163,1,1,Oct,156640
526,Food Stall,BH-5 Complex,150,9,71,98,3,12606,28419,10265,0,0,Jul,151782
527,Mobile Shop,Law Gate,123,6,93,65,2,9557,27601,7250,0,0,Mar,125305
528,Clothing,BH-7 Complex,224,7,145,81,5,17826,28890,4508,0,0,Jul,290605
529,Cafe,UniMall,100,8,147,76,4,13890,31708,9087,1,0,Apr,273988
530,Food Stall,BH-7 Complex,147,6,99,107,1,15694,18127,10763,0,0,Jan,257197
531,Stationery,BH-1 Complex,101,7,61,116,3,14257,28107,9467,0,0,Aug,148128
532,Food Stall,BH-7 Complex,91,8,128,79,2,17814,16036,5832,0,1,Mar,253360
533,Salon,Law Gate,185,4,62,115,2,14714,25109,6886,0,0,Jul,149640
534,Food Stall,Law Gate,232,7,125,65,1,16686,37943,6579,0,0,Jul,177500
535,Food Stall,BH-5 Complex,192,8,129,97,5,10095,29549,5875,1,0,Feb,312877
536,Salon,BH-1 Complex,143,2,64,98,1,11285,24589,10516,0,0,Feb,131888
537,Salon,BH-5 Complex,124,4,87,61,5,7932,18535,9946,0,0,Nov,103903
538,Mobile Shop,BH-7 Complex,132,3,85,66,1,15774,15564,7258,1,1,Oct,112690
539,Salon,BH-5 Complex,90,1,110,98,2,13170,28303,10207,0,0,Jul,262620
540,Food Stall,BH-1 Complex,114,7,105,61,1,10042,19433,6170,1,0,Mar,142150
541,Salon,UniMall,81,2,122,110,4,10305,18007,4969,1,1,Feb,339180
542,Mobile Shop,UniMall,210,5,135,95,2,16324,15048,7566,0,1,Jun,321925
543,Food Stall,BH-7 Complex,82,4,85,67,5,10366,15122,10799,0,0,May,109460
544,Mobile Shop,BH-1 Complex,181,9,125,113,3,9749,26353,9817,0,0,Jul,373750
545,Salon,BH-5 Complex,87,2,123,97,1,14391,27658,9109,0,0,Oct,284068
546,Salon,BH-7 Complex,165,7,69,88,1,13759,27067,11251,1,0,Dec,126088
547,Food Stall,UniMall,170,8,107,97,5,10468,25464,11672,0,1,Nov,261370
548,Cafe,BH-5 Complex,184,2,131,82,1,17652,21697,7718,1,1,Jul,250776
549,Mobile Shop,BH-7 Complex,137,6,133,101,5,15909,28436,4066,1,1,Jul,326124
550,Clothing,UniMall,208,5,61,71,4,6804,36015,5391,1,0,Mar,75599
551,Clothing,BH-7 Complex,233,1,105,114,2,11335,20077,9055,1,0,Aug,309100
552,Stationery,UniMall,158,3,75,118,4,7294,30096,8065,0,0,Oct,197800
553,Cafe,BH-1 Complex,118,3,134,77,4,15318,23488,7049,0,1,May,249222
554,Clothing,BH-5 Complex,196,4,107,74,4,12014,25694,7999,0,0,Mar,179622
555,Cafe,BH-1 Complex,144,5,89,113,3,10534,16752,5615,0,1,Apr,231596
556,Cafe,Law Gate,100,4,112,95,4,13633,32871,11848,0,0,Jun,247920
557,Food Stall,UniMall,180,2,149,80,4,13503,19766,9362,0,0,Jan,283760
558,Cafe,BH-1 Complex,120,3,117,98,3,8542,30282,6003,1,0,Dec,282514
559,Salon,UniMall,185,1,88,66,5,13926,20131,9986,1,1,Jan,118432
560,Food Stall,Law Gate,236,4,77,68,2,15244,22281,6509,0,0,Jul,101844
561,Mobile Shop,BH-7 Complex,185,2,139,70,2,16114,35541,8969,0,1,Sep,232170
562,Clothing,BH-5 Complex,116,8,116,97,4,15078,26725,7936,1,1,May,265056
563,Mobile Shop,BH-1 Complex,109,2,90,104,4,16473,24247,11456,1,0,Sep,212080
564,Salon,BH-5 Complex,242,7,85,61,1,10675,16560,7762,0,0,Dec,100365
565,Salon,Law Gate,185,8,123,90,3,16591,20073,5645,0,1,Jul,282100
566,Cafe,UniMall,205,8,129,113,5,9906,19492,5538,0,0,Jan,387310
567,Cafe,Law Gate,225,5,101,71,4,15699,27737,6570,0,0,Jun,150788
568,Salon,BH-5 Complex,109,8,112,118,2,9697,31874,8350,0,1,Apr,333264
569,Stationery,BH-1 Complex,119,3,84,78,2,12986,21862,7967,0,0,Sep,133456
570,Cafe,BH-5 Complex,151,5,92,78,2,13776,23558,4527,0,1,Oct,150928
571,Food Stall,BH-1 Complex,97,2,64,81,5,17675,25912,9738,0,0,Jul,105520
572,Food Stall,Law Gate,245,8,92,85,2,6752,25661,7969,0,0,Oct,168960
573,Mobile Shop,Law Gate,246,3,76,114,3,9257,21213,5997,0,0,Feb,201256
574,Stationery,UniMall,158,4,148,72,2,12376,16524,7766,1,1,Oct,248368
575,Mobile Shop,UniMall,226,3,93,94,2,8178,25871,11610,1,0,May,203518
576,Food Stall,BH-1 Complex,171,2,126,70,4,12749,28763,4964,0,0,Aug,196960
577,Mobile Shop,BH-5 Complex,174,9,81,95,3,15718,15028,9026,0,0,Mar,180850
578,Cafe,BH-7 Complex,157,9,61,83,1,16405,16906,11399,0,1,Feb,101890
579,Stationery,BH-5 Complex,179,1,68,97,3,7428,19378,11529,0,1,Dec,147880
580,Salon,UniMall,164,5,135,61,3,8773,17262,7229,0,0,Jan,188815
581,Clothing,BH-1 Complex,166,9,98,89,2,11796,29450,10363,1,0,Feb,202938
582,Salon,BH-5 Complex,140,6,80,117,4,8739,15940,4340,0,0,Oct,212080
583,Stationery,BH-7 Complex,92,3,129,100,4,11442,25976,11680,0,0,Mar,311200
584,Food Stall,BH-1 Complex,203,5,135,89,4,8017,22957,5228,0,0,Jun,286420
585,Clothing,BH-5 Complex,188,7,92,67,1,6211,37543,9617,0,0,Aug,128756
586,Cafe,BH-7 Complex,94,4,106,103,1,11095,28809,10614,0,0,Sep,255704
587,Clothing,Law Gate,139,7,133,83,3,11424,35625,9894,0,1,Jul,270131
588,Food Stall,BH-1 Complex,221,4,73,74,3,7176,39340,4400,1,0,Feb,101256
589,Food Stall,UniMall,239,6,82,105,1,13910,30847,9649,1,1,Aug,191080
590,Stationery,BH-1 Complex,223,1,93,79,3,13875,35823,9972,0,0,Dec,155716
591,Food Stall,UniMall,213,8,94,108,3,17953,23106,6275,1,0,Dec,234256
592,Food Stall,UniMall,180,6,112,97,5,16195,21085,8198,1,0,Oct,275920
593,Cafe,BH-1 Complex,108,1,73,117,4,9782,38341,4766,0,0,Jun,197689
594,Cafe,UniMall,143,8,84,118,4,9949,37417,7108,1,0,May,237448
595,Mobile Shop,BH-1 Complex,219,5,122,70,5,17759,24190,6147,1,0,Oct,206200
596,Mobile Shop,BH-1 Complex,169,3,61,79,3,16483,39789,10961,0,1,Aug,94570
597,Cafe,Law Gate,216,3,88,70,3,9345,33870,11165,0,0,May,122480
598,Stationery,BH-7 Complex,195,2,98,73,5,6294,39596,7242,1,0,Aug,164620
599,Cafe,Law Gate,176,8,68,116,3,11538,27388,8756,0,0,Feb,186640
600,Clothing,BH-7 Complex,145,2,65,81,5,16306,19491,8707,0,0,Dec,102685
601,Mobile Shop,BH-1 Complex,167,6,73,103,3,11072,24631,7053,0,1,Aug,168051
602,Mobile Shop,UniMall,97,9,93,99,3,15166,24930,7285,0,1,Jul,226210
603,Clothing,BH-7 Complex,121,2,144,93,2,13637,36225,8770,1,1,Jun,351760
604,Cafe,Law Gate,116,2,112,67,4,12404,15992,9424,1,0,May,175120
605,Mobile Shop,BH-5 Complex,146,4,63,101,3,7387,26375,10552,0,1,Mar,134527
606,Cafe,Law Gate,226,9,146,66,3,7724,37982,6413,0,0,Oct,239080
607,Stationery,Law Gate,147,3,84,111,3,9110,33550,4334,0,1,Jan,220396
608,Food Stall,Law Gate,81,6,69,78,3,11141,33178,9988,0,1,Nov,106078
609,Cafe,Law Gate,180,6,61,68,4,13937,28660,4224,0,1,Aug,74440
610,Mobile Shop,BH-7 Complex,96,8,78,91,1,12400,38027,10432,0,0,Jul,162940
611,Clothing,Law Gate,104,3,94,109,4,13630,29772,9429,0,1,Feb,257380
612,Stationery,BH-1 Complex,128,6,105,81,5,15903,36511,4806,0,0,Dec,205150
613,Salon,UniMall,112,1,76,92,5,11997,33739,5397,0,0,May,159760
614,Food Stall,Law Gate,192,9,69,65,3,17384,31448,5299,0,1,Jan,84550
615,Salon,Law Gate,135,8,108,84,1,7469,19725,8259,0,0,Dec,222160
616,Clothing,BH-5 Complex,159,7,94,72,5,16085,18306,6902,1,0,Nov,153040
617,Mobile Shop,Law Gate,177,7,71,66,4,10662,19326,4873,1,1,Feb,90580
618,Food Stall,BH-5 Complex,249,5,72,90,1,14817,35378,5678,0,1,Nov,131440
619,Salon,Law Gate,186,6,84,72,5,16324,25860,5054,0,1,Mar,131440
620,Mobile Shop,BH-7 Complex,246,5,106,98,2,14613,20599,7650,0,1,Apr,261640
621,Mobile Shop,BH-1 Complex,215,7,92,105,4,6809,30563,7309,1,1,Nov,220480
622,Mobile Shop,BH-7 Complex,172,9,79,75,4,7231,30890,6423,0,0,Dec,115900
623,Clothing,UniMall,182,2,76,74,2,16150,35393,6735,1,0,Feb,107472
624,Food Stall,Law Gate,165,8,113,116,1,10036,23401,7727,0,1,Nov,330132
625,Mobile Shop,BH-1 Complex,99,3,79,64,5,9385,18770,6268,0,1,Aug,101680
626,Cafe,Law Gate,192,6,92,90,1,17317,16963,9153,1,0,Apr,198400
627,Clothing,Law Gate,124,1,93,108,4,15018,30753,9986,1,0,Nov,241276
628,Mobile Shop,BH-5 Complex,119,3,129,118,3,6686,31740,11824,0,1,Mar,376216
629,Food Stall,UniMall,219,7,106,65,1,8739,28231,6730,0,0,Apr,149810
630,Salon,UniMall,201,8,83,114,3,8686,15233,9328,0,1,Apr,214936
631,Food Stall,BH-5 Complex,113,7,116,72,3,10690,21121,6276,0,0,Feb,200560
632,Stationery,BH-7 Complex,95,7,74,116,5,15761,25086,6243,1,1,Dec,207520
633,Cafe,UniMall,140,7,78,66,1,14071,22244,10372,0,1,Nov,99292
634,Salon,BH-7 Complex,171,7,125,78,1,7349,35080,7896,0,0,Mar,232750
635,Food Stall,BH-7 Complex,180,4,65,77,1,6091,35618,4480,0,1,Nov,95145
636,Cafe,BH-7 Complex,224,6,76,114,5,6604,17979,11140,0,0,May,201256
637,Salon,UniMall,233,7,63,95,4,11780,32100,9237,0,0,Jan,123565
638,Salon,BH-5 Complex,87,8,80,105,3,13951,27919,5363,1,1,Jun,193600
639,Salon,UniMall,212,9,133,77,3,16797,21256,11258,0,1,Mar,246989
640,Food Stall,BH-7 Complex,136,7,107,73,4,8986,15400,6855,0,0,Feb,168708
641,Clothing,BH-1 Complex,198,7,133,69,3,10987,21597,10499,1,0,Jun,225310
642,Food Stall,BH-7 Complex,158,8,124,65,3,11141,36352,7671,0,0,Jun,183740
643,Stationery,BH-5 Complex,249,2,124,119,3,12691,17763,8005,1,0,Feb,377924
644,Salon,UniMall,89,2,100,117,3,16367,20406,11990,0,1,Aug,277600
645,Food Stall,Law Gate,150,2,122,70,2,14795,20257,9541,0,0,Aug,206200
646,Mobile Shop,Law Gate,212,1,143,93,2,13833,34270,10053,0,1,May,348970
647,Food Stall,UniMall,103,4,79,82,5,6789,34859,7153,0,1,Jul,131384
648,Cafe,UniMall,154,3,136,75,3,8711,21581,11705,0,1,Oct,235600
649,Stationery,BH-5 Complex,217,3,113,98,1,16139,16308,6986,0,1,Feb,271146
650,Food Stall,Law Gate,189,1,140,89,1,6966,31691,6138,1,0,Apr,323800
651,Cafe,BH-5 Complex,185,7,99,104,1,6104,17047,10293,0,1,Jul,238288
652,Stationery,BH-7 Complex,204,1,139,64,2,6370,30908,4486,1,0,Jan,199088
653,Food Stall,Law Gate,231,8,125,89,4,12843,16105,5386,0,1,Feb,283750
654,Stationery,UniMall,204,1,147,61,2,7490,32608,6587,0,0,Mar,201076
655,Food Stall,BH-5 Complex,104,9,116,64,2,15721,26157,6367,1,0,Jan,157872
656,Mobile Shop,BH-7 Complex,93,4,110,119,4,13972,30329,8264,0,0,Apr,329610
657,Stationery,Law Gate,180,2,107,80,2,17471,34925,8811,0,0,Jul,198240
658,Clothing,Law Gate,166,9,80,60,2,17139,37715,11484,1,1,Feb,94000
659,Food Stall,BH-7 Complex,159,1,120,69,4,16067,28376,8428,1,0,Nov,190120
660,Clothing,Law Gate,178,1,76,108,1,8956,23077,7722,0,0,Nov,188032
661,Clothing,UniMall,209,5,109,64,1,13709,33320,8042,0,1,Sep,152304
662,Cafe,BH-1 Complex,153,6,62,68,2,13382,34915,7529,1,0,Oct,72264
663,Cafe,BH-7 Complex,94,5,75,71,4,15972,15583,8527,1,1,Feb,99100
664,Clothing,BH-5 Complex,100,2,78,106,1,15354,21772,4298,1,1,Sep,189772
665,Mobile Shop,BH-5 Complex,169,7,90,101,1,17331,22612,6492,0,1,Jun,222700
666,Stationery,Law Gate,135,6,122,88,1,10047,38965,11320,1,0,Sep,272080
667,Food Stall,BH-5 Complex,156,3,82,106,1,14001,24921,6191,0,1,Jun,193376
668,Mobile Shop,Law Gate,235,5,131,118,1,9183,28541,7167,0,0,Apr,382824
669,Salon,UniMall,242,2,69,106,3,8317,18621,8491,0,1,Feb,169420
670,Cafe,Law Gate,207,2,79,106,1,8465,31304,11477,0,0,Dec,192846
671,Food Stall,BH-5 Complex,224,3,67,90,1,14130,32643,8949,0,0,May,130900
672,Stationery,BH-5 Complex,215,4,70,79,3,15268,35142,7181,0,0,Dec,115900
673,Clothing,BH-5 Complex,218,9,107,107,4,16452,23627,8947,0,1,Oct,293470
674,Salon,Law Gate,107,5,136,98,2,9346,38408,7148,0,0,Oct,336512
675,Food Stall,UniMall,231,2,132,92,1,6892,36871,11251,0,0,Mar,302176
676,Food Stall,BH-1 Complex,128,3,71,79,1,13631,22226,9108,1,1,Feb,112661
677,Clothing,Law Gate,125,6,82,73,1,8877,36966,7270,0,0,Sep,123594
678,Food Stall,UniMall,125,9,111,113,2,17329,23853,11187,0,1,Sep,301204
679,Salon,UniMall,229,3,67,75,4,11295,35460,10771,0,1,Mar,95725
680,Stationery,BH-1 Complex,192,5,69,108,3,12766,32114,11736,0,0,Mar,173560
681,Food Stall,Law Gate,209,7,135,89,3,15858,27616,10265,1,0,Dec,286420
682,Cafe,BH-1 Complex,216,8,86,110,5,9621,35067,11872,0,1,Apr,214880
683,Clothing,BH-5 Complex,188,2,92,83,4,17903,18688,11689,0,1,Sep,179080
684,Mobile Shop,Law Gate,168,3,71,80,4,11130,36823,11880,1,1,Jan,109040
685,Food Stall,Law Gate,223,1,84,118,2,14808,39722,11446,0,1,Oct,227536
686,Mobile Shop,BH-7 Complex,231,7,148,75,3,10953,17990,5195,0,0,Oct,283000
687,Cafe,BH-7 Complex,144,4,146,108,1,6909,30806,4372,0,1,Jul,423040
688,Clothing,BH-1 Complex,231,8,123,91,3,6780,16019,7265,0,0,Sep,285790
689,Food Stall,BH-5 Complex,217,5,86,119,5,15267,22195,10720,0,0,Jan,236552
690,Cafe,BH-5 Complex,158,7,129,99,2,6973,22083,9494,0,0,Jul,307588
691,Salon,BH-5 Complex,180,8,87,89,4,17330,37257,8394,1,0,Oct,166804
692,Stationery,Law Gate,240,6,82,104,1,9239,20931,8053,0,0,Feb,188784
693,Mobile Shop,Law Gate,136,9,130,109,1,12981,23221,10502,0,1,Jan,360930
694,Mobile Shop,BH-7 Complex,176,4,80,90,3,9960,32570,9902,0,1,Jun,158800
695,Mobile Shop,BH-5 Complex,152,5,123,74,4,12802,39682,8477,1,0,Dec,213958
696,Mobile Shop,BH-5 Complex,167,3,110,68,3,9380,18770,9829,1,0,Aug,174400
697,Cafe,BH-7 Complex,96,4,85,104,4,16615,27779,10499,0,0,Apr,206360
698,Food Stall,UniMall,105,8,133,84,3,9182,26009,10136,0,1,Jan,285160
699,Salon,BH-1 Complex,94,8,120,107,2,9574,37211,8904,1,1,Jul,335200
700,Mobile Shop,BH-7 Complex,198,7,69,97,3,15904,34624,5362,0,1,Aug,144097
701,Food Stall,BH-5 Complex,106,5,82,107,1,6295,25245,6597,0,0,Sep,195672
702,Cafe,BH-5 Complex,103,9,138,105,2,6906,20499,4364,0,1,Feb,355720
703,Food Stall,BH-1 Complex,110,9,102,75,3,17878,27411,7081,0,0,Sep,164200
704,Stationery,BH-7 Complex,170,7,74,61,2,11830,22523,4625,0,0,Sep,80906
705,Stationery,UniMall,243,8,60,102,2,16093,35874,9193,1,0,Nov,127480
706,Mobile Shop,BH-7 Complex,170,2,134,65,4,10725,25437,8300,0,0,May,193880
707,Cafe,UniMall,237,5,117,95,4,8985,15559,4713,1,1,Jan,272335
708,Food Stall,BH-7 Complex,206,9,97,84,1,14652,30930,11131,0,0,Aug,186292
709,Food Stall,UniMall,80,3,124,71,1,7751,36381,9720,0,0,Feb,196512
710,Food Stall,UniMall,155,4,61,68,2,15581,19515,9692,1,0,Apr,66144
711,Food Stall,BH-1 Complex,227,6,140,109,5,6045,16193,7342,1,1,Feb,377280
712,Mobile Shop,UniMall,140,3,124,83,3,11845,20323,10032,1,1,Nov,238176
713,Salon,BH-7 Complex,125,5,71,105,2,11279,19332,7810,1,1,Apr,173650
714,Food Stall,BH-7 Complex,154,3,148,90,1,17555,16845,9750,0,1,Mar,349600
715,Salon,Law Gate,200,4,86,96,3,15840,39098,8739,1,1,Jun,189424
716,Cafe,UniMall,247,6,117,115,5,9499,26690,5444,0,0,Nov,326740
717,Food Stall,UniMall,237,4,61,101,5,8685,24385,11372,0,0,Jun,134830
718,Cafe,BH-1 Complex,110,1,145,77,3,8646,19865,11345,0,0,Dec,262620
719,Stationery,UniMall,152,2,112,102,1,11968,22641,6181,0,0,Jun,292720
720,Food Stall,UniMall,246,4,128,102,5,15379,20890,8921,0,1,May,341680
721,Clothing,Law Gate,143,8,111,77,5,10019,34522,5648,0,1,Apr,206410
722,Cafe,Law Gate,208,3,110,112,5,12763,16986,6633,0,1,Jan,319600
723,Food Stall,BH-5 Complex,201,4,62,62,1,12610,25524,4600,0,1,Jun,57632
724,Clothing,BH-7 Complex,105,9,107,62,2,15044,22400,10806,0,1,Sep,149020
725,Clothing,BH-7 Complex,226,1,88,106,1,11947,37978,7520,1,0,Jan,229840
726,Mobile Shop,UniMall,240,5,136,97,1,15611,19150,5330,0,1,Apr,319376
727,Stationery,BH-1 Complex,193,4,69,83,2,11672,16502,8684,1,0,Jan,116083
728,Mobile Shop,BH-7 Complex,230,2,128,115,5,14123,26590,6750,0,1,Dec,391600
729,Salon,Law Gate,201,1,131,74,4,9012,36408,10264,0,1,Jan,231126
730,Cafe,Law Gate,141,4,92,67,2,15900,18574,7319,0,1,Mar,122592
731,Mobile Shop,BH-7 Complex,210,2,149,68,1,6690,16495,7825,0,1,Feb,243828
732,Mobile Shop,BH-1 Complex,240,5,130,107,4,13188,20778,11768,1,1,Sep,367300
733,Cafe,UniMall,149,1,148,92,4,10370,33157,11187,0,1,Apr,344864
734,Food Stall,BH-7 Complex,200,1,62,82,3,11969,19535,10883,0,0,Oct,102520
735,Salon,BH-5 Complex,90,8,147,105,1,16822,35256,5054,1,0,Mar,413050
736,Mobile Shop,BH-5 Complex,171,4,143,115,1,6544,35047,6239,0,0,Sep,426905
737,Salon,Law Gate,204,1,68,68,1,10368,26179,8088,0,1,May,88720
738,Stationery,BH-7 Complex,215,3,118,75,2,10784,30185,4832,1,0,Aug,206650
739,Cafe,BH-7 Complex,95,6,142,77,1,13028,38646,9664,0,0,Sep,267086
740,Salon,BH-5 Complex,224,5,91,97,3,14186,18983,10963,0,1,May,205983
741,Mobile Shop,Law Gate,216,9,71,100,2,15954,37560,8472,1,1,Apr,163000
742,Mobile Shop,BH-1 Complex,102,7,104,76,2,9629,17114,11364,0,0,Jun,179216
743,Salon,BH-7 Complex,165,1,69,84,4,10648,37113,4694,0,1,Aug,112288
744,Stationery,UniMall,91,4,109,112,5,17434,16868,5671,0,0,Nov,316240
745,Mobile Shop,UniMall,226,5,66,82,2,12212,19637,11752,1,0,Aug,112360
746,Salon,BH-7 Complex,156,1,102,77,3,9593,23606,7424,0,0,Aug,177766
747,Stationery,UniMall,139,6,126,88,1,6358,15849,11498,0,1,Mar,271552
748,Stationery,BH-1 Complex,188,4,62,95,1,10238,37496,8008,0,1,May,126700
749,Clothing,BH-1 Complex,133,4,137,86,3,6781,29439,7523,0,0,Jul,303460
750,Salon,BH-1 Complex,149,2,119,105,5,14009,32007,5886,0,0,Dec,312355
751,Mobile Shop,BH-1 Complex,186,8,78,60,4,9951,36468,6497,1,0,Feb,85720
752,Stationery,BH-1 Complex,107,8,139,90,4,11876,34924,8697,0,1,Aug,312790
753,Clothing,BH-5 Complex,145,1,110,91,4,7960,16473,8888,0,1,Sep,240290
754,Salon,Law Gate,149,2,97,92,4,7340,29805,6392,0,0,Jul,208796
755,Mobile Shop,BH-1 Complex,92,7,102,119,5,8758,23625,10431,1,0,May,289864
756,Mobile Shop,BH-1 Complex,220,2,94,114,4,16706,36604,11750,1,0,Aug,260764
757,Salon,BH-7 Complex,100,1,66,105,3,7234,39877,9205,0,0,Apr,157900
758,Food Stall,BH-5 Complex,223,8,62,86,5,12939,23261,9573,1,0,Dec,99296
759,Cafe,BH-5 Complex,234,3,128,96,2,7883,36851,4797,0,0,Dec,318640
760,Clothing,Law Gate,176,7,77,92,5,17831,16892,9178,0,1,Feb,148352
761,Stationery,BH-5 Complex,114,9,76,93,4,15065,15565,11412,0,0,Feb,162040
762,Stationery,BH-7 Complex,165,1,63,113,1,13156,38726,8096,0,0,Mar,156451
763,Stationery,Law Gate,214,4,102,61,1,6716,18967,11423,0,1,Dec,136660
764,Salon,UniMall,186,7,99,78,2,16916,15233,5391,0,0,Aug,181660
765,Cafe,Law Gate,225,4,103,116,1,6731,15799,10507,0,1,Nov,296492
766,Salon,Law Gate,191,4,66,100,4,11008,28262,9229,0,0,Oct,148000
767,Salon,BH-1 Complex,223,2,70,85,5,7115,19578,6590,0,0,Sep,116600
768,Stationery,BH-5 Complex,182,6,86,114,1,14051,36676,10645,0,0,Mar,244120
769,Clothing,UniMall,172,8,110,78,1,9030,23524,10270,1,0,Nov,207400
770,Food Stall,UniMall,236,7,115,97,5,7550,15646,10144,0,0,Jan,284650
771,Food Stall,BH-5 Complex,146,1,130,71,2,7909,27150,11218,1,1,Jan,226900
772,Mobile Shop,UniMall,98,6,143,73,2,7494,37124,5019,0,0,Jan,242292
773,Cafe,BH-1 Complex,236,2,115,103,4,10253,27459,4493,0,0,Aug,281660
774,Clothing,BH-1 Complex,103,4,97,62,4,10350,15207,6497,1,0,Jul,124406
775,Stationery,BH-1 Complex,237,3,89,88,3,13378,33073,5316,0,1,Jan,177128
776,Salon,BH-7 Complex,170,8,132,112,4,8409,39014,5461,0,0,Mar,363952
777,Clothing,BH-1 Complex,81,2,120,113,1,7118,22637,4660,1,1,Mar,329680
778,Salon,UniMall,233,8,127,82,1,10760,33281,9770,0,0,Apr,241592
779,Mobile Shop,BH-5 Complex,220,4,61,83,3,6922,27929,8600,0,0,Aug,101890
780,Cafe,Law Gate,102,3,125,65,4,7673,35971,7092,0,0,Mar,193750
781,Mobile Shop,BH-1 Complex,187,2,105,93,3,17091,23252,10268,0,0,May,223420
782,Food Stall,UniMall,193,3,62,77,4,8970,15011,9382,1,1,Mar,93220
783,Food Stall,UniMall,111,1,124,67,3,7525,15760,4594,0,0,Sep,199240
784,Mobile Shop,BH-1 Complex,100,5,145,87,1,9395,16203,10659,0,0,Jan,328450
785,Food Stall,Law Gate,145,7,143,117,1,7377,18146,5825,0,1,Oct,451930
786,Cafe,BH-5 Complex,115,3,74,101,1,7750,19027,7336,0,1,Apr,159272
787,Stationery,BH-7 Complex,82,4,81,72,2,15436,32669,8505,0,0,Jan,119128
788,Stationery,BH-5 Complex,235,7,111,102,2,6331,32805,11512,0,0,Feb,278338
789,Food Stall,BH-5 Complex,98,2,149,112,1,8575,27714,10185,0,0,Sep,433952
790,Food Stall,BH-5 Complex,104,9,77,82,5,10692,29986,9158,0,0,Dec,126792
791,Mobile Shop,BH-7 Complex,147,9,61,97,5,10541,22876,9299,0,0,Oct,115676
792,Mobile Shop,BH-1 Complex,142,9,120,110,3,12461,22044,9497,0,1,Aug,332800
793,Clothing,BH-1 Complex,189,5,107,91,3,16931,25057,9153,0,0,Sep,242110
794,Mobile Shop,BH-1 Complex,172,1,140,106,4,14245,26102,9522,0,0,Mar,380360
795,Stationery,BH-1 Complex,164,8,114,114,1,11765,16031,6016,1,0,Nov,313888
796,Food Stall,BH-7 Complex,201,6,142,88,1,15609,32675,7488,0,0,Oct,299888
797,Stationery,BH-1 Complex,114,1,139,67,2,12044,34871,11383,0,0,Oct,210764
798,Cafe,BH-5 Complex,86,8,140,60,5,16456,20153,5894,1,1,Apr,202000
799,Salon,Law Gate,140,6,85,107,2,13545,19846,4267,0,1,Jan,222850
800,Mobile Shop,BH-1 Complex,213,4,149,94,5,7257,23250,9370,0,0,May,342168
801,Stationery,UniMall,193,8,118,64,2,12531,32493,10929,0,0,May,169008
802,Clothing,BH-5 Complex,235,2,62,96,2,14676,38998,4802,0,0,Oct,116656
803,Salon,BH-1 Complex,137,3,107,99,2,15862,27807,5151,0,0,Sep,246604
804,Salon,Law Gate,172,9,130,111,4,9705,29026,8038,1,0,Jan,368470
805,Food Stall,BH-1 Complex,213,2,68,104,3,13073,20036,11127,1,0,Oct,148016
806,Cafe,BH-5 Complex,171,8,101,72,5,13252,26721,5555,0,1,Oct,168160
807,Cafe,UniMall,207,6,99,113,5,9880,20932,5894,0,0,Jun,274423
808,Stationery,Law Gate,233,2,78,75,3,12850,39918,6729,0,0,Jul,125500
809,Clothing,UniMall,205,8,148,86,1,7515,31958,8442,0,0,Mar,319112
810,Mobile Shop,BH-7 Complex,221,5,112,75,5,6039,25222,6621,0,0,Apr,185200
811,Stationery,Law Gate,196,1,131,83,4,16457,32199,11852,1,0,May,276190
812,Food Stall,BH-5 Complex,207,6,73,75,3,13283,30945,4255,0,0,Jun,114250
813,Clothing,BH-7 Complex,211,2,118,84,4,15919,28335,9592,0,1,Jul,227536
814,Cafe,BH-1 Complex,237,2,145,110,2,9038,17845,11864,0,0,Jul,396600
815,Stationery,BH-5 Complex,238,6,131,110,4,9660,16068,9591,1,0,Dec,367890
816,Stationery,BH-1 Complex,194,9,110,105,3,8924,22045,4279,0,0,Aug,296500
817,Salon,Law Gate,93,7,107,64,5,11289,33806,7628,0,0,May,141744
818,Clothing,BH-1 Complex,139,4,77,82,4,17648,36699,4754,0,0,Sep,133106
819,Cafe,BH-1 Complex,247,3,62,91,3,12099,28965,11931,1,0,Jan,107976
820,Clothing,BH-7 Complex,210,4,136,113,3,11044,25247,7480,0,0,Nov,411040
821,Food Stall,UniMall,159,2,104,100,1,15916,38595,9101,0,0,Sep,241200
822,Salon,BH-7 Complex,119,1,115,115,3,13993,35567,7680,1,0,Nov,346750
823,Clothing,Law Gate,95,4,106,75,5,15605,19406,4992,1,1,Oct,188500
824,Salon,BH-7 Complex,156,9,81,92,4,8036,18046,6350,1,1,Jul,166108
825,Clothing,BH-5 Complex,140,8,131,96,1,7485,29713,7659,0,1,Nov,302128
826,Food Stall,UniMall,82,3,60,111,2,16307,21487,7348,0,1,Jun,143140
827,Salon,UniMall,164,3,88,76,2,11691,30765,10551,0,1,Jul,137264
828,Stationery,BH-5 Complex,94,5,128,103,5,12200,20396,10993,0,0,May,319152
829,Food Stall,BH-1 Complex,83,5,96,65,5,16265,24705,10127,0,1,May,137200
830,Salon,BH-5 Complex,132,4,94,108,2,14484,35910,10747,1,0,May,254560
831,Clothing,BH-5 Complex,222,1,89,83,5,17270,22971,10693,0,1,Oct,171610
832,Food Stall,BH-7 Complex,136,8,122,63,4,6092,39884,4051,0,0,Oct,180580
833,Clothing,UniMall,211,2,63,64,3,17210,29590,6024,1,0,May,62896
834,Cafe,Law Gate,162,3,141,103,1,9464,33643,8763,0,0,Jan,356644
835,Salon,BH-1 Complex,235,3,122,114,4,17041,34560,11784,0,1,Nov,367240
836,Cafe,BH-7 Complex,238,7,134,96,2,11493,22232,8482,1,0,Jun,310192
837,Food Stall,BH-7 Complex,208,2,74,118,2,10791,15329,4659,1,0,Jun,194496
838,Food Stall,BH-5 Complex,186,9,71,85,3,17292,38028,11420,1,0,Feb,131050
839,Mobile Shop,Law Gate,101,1,148,119,5,16470,36447,10418,0,1,Mar,460748
840,Stationery,BH-7 Complex,180,4,142,69,5,14846,31494,4089,0,0,Aug,243940
841,Salon,BH-1 Complex,123,3,96,107,2,11120,21393,8747,0,0,Feb,258160
842,Salon,Law Gate,114,3,84,63,3,16713,37159,7849,0,0,Aug,108760
843,Cafe,BH-1 Complex,107,4,137,69,2,11660,22254,8630,0,0,Oct,233590
844,Salon,BH-7 Complex,122,1,78,87,2,11604,38126,6067,0,0,Jun,140008
845,Food Stall,BH-5 Complex,209,6,98,93,1,17563,37185,6343,0,0,Aug,205192
846,Mobile Shop,UniMall,187,5,143,71,5,6976,33664,9897,1,0,Nov,254590
847,Cafe,BH-7 Complex,185,3,99,96,1,16603,17107,7553,0,0,Sep,225616
848,Food Stall,BH-5 Complex,91,3,95,76,1,17137,32182,8971,0,0,Oct,152160
849,Clothing,UniMall,150,2,119,70,1,6602,19295,6633,0,0,Dec,183240
850,Stationery,BH-5 Complex,143,9,94,82,4,9837,16665,11740,1,0,Sep,173532
851,Mobile Shop,UniMall,157,6,106,78,2,17435,27260,11103,0,0,Sep,189772
852,Clothing,UniMall,195,6,145,107,5,10317,32940,6205,1,0,Sep,415450
853,Clothing,BH-7 Complex,223,5,76,106,1,12630,15565,11509,0,1,Oct,175568
854,Salon,Law Gate,242,5,111,111,3,6540,32198,5415,0,1,Jan,307309
855,Cafe,BH-5 Complex,190,2,91,97,1,15471,27467,10163,0,1,Dec,205983
856,Clothing,BH-7 Complex,248,8,65,103,2,6561,36101,11623,0,0,Jul,150850
857,Clothing,BH-7 Complex,190,4,86,73,3,6288,37048,11979,0,1,Jun,132062
858,Stationery,BH-7 Complex,140,6,147,99,1,15269,30141,6377,0,0,Aug,386590
859,Salon,BH-7 Complex,183,5,86,97,1,16604,26366,9055,0,0,Apr,191918
860,Cafe,UniMall,111,5,84,61,2,15732,15530,11849,1,0,Jul,98596
861,Stationery,BH-5 Complex,173,7,76,68,3,12189,16142,11076,1,1,Jun,99872
862,Salon,BH-7 Complex,166,2,105,70,3,6839,39578,5051,1,0,Feb,163150
863,Stationery,Law Gate,126,1,64,98,5,17513,19666,4714,0,0,Dec,138160
864,Clothing,Law Gate,174,8,117,115,4,8667,30619,8919,0,0,Sep,340195
865,Clothing,UniMall,209,4,131,73,4,11718,33452,11478,0,0,Aug,217764
866,Mobile Shop,Law Gate,207,8,71,100,1,14473,25679,10413,0,1,Jan,155900
867,Food Stall,UniMall,245,1,72,78,2,16334,35282,10436,0,0,Jul,107248
868,Mobile Shop,Law Gate,119,8,119,102,5,9939,16126,7297,0,0,Dec,289864
869,Salon,BH-1 Complex,165,5,138,95,5,14674,17477,7093,0,0,Jul,317080
870,Clothing,Law Gate,249,6,83,93,5,15381,17340,7580,0,0,Jun,181570
871,Salon,UniMall,168,1,74,90,5,13368,24834,6297,0,0,Jun,149800
872,Mobile Shop,BH-7 Complex,99,1,146,108,1,10878,17368,10965,0,1,Jul,391504
873,Cafe,BH-1 Complex,110,3,67,87,4,10970,21344,4216,0,0,Mar,113212
874,Clothing,BH-7 Complex,164,1,60,88,5,11695,38382,10043,0,0,Feb,108400
875,Cafe,UniMall,99,9,138,71,3,8416,38672,10862,0,1,Aug,224344
876,Stationery,BH-1 Complex,85,1,137,76,3,17858,19364,8077,0,0,Mar,241536
877,Clothing,BH-7 Complex,105,6,146,63,3,6730,15056,10881,1,0,Feb,225940
878,Cafe,UniMall,237,8,139,113,5,14853,15908,10539,1,0,Dec,389796
879,Cafe,BH-1 Complex,133,8,68,62,1,7885,16049,8129,0,1,Jul,72264
880,Clothing,Law Gate,220,9,121,105,2,14998,16934,9172,0,0,Nov,331150
881,Food Stall,UniMall,220,7,145,110,5,16529,32675,6198,0,1,Oct,428500
882,Stationery,BH-7 Complex,231,2,64,116,5,10213,26268,4443,0,1,May,157872
883,Mobile Shop,BH-5 Complex,241,8,148,111,4,17514,16919,4918,0,0,Jul,409984
884,Food Stall,BH-7 Complex,200,7,129,75,2,16903,31784,10508,0,0,Mar,230575
885,Clothing,Law Gate,192,7,124,86,5,10395,30290,9767,1,1,Nov,259256
886,Salon,BH-5 Complex,230,4,69,107,2,6759,26280,6115,1,0,Oct,171490
887,Cafe,Law Gate,185,5,114,109,2,7050,20479,11227,0,1,Mar,297928
888,Cafe,BH-5 Complex,241,4,121,100,1,13292,38526,10000,0,0,Oct,288800
889,Cafe,UniMall,225,3,106,64,1,11936,28435,8900,1,1,Jan,139952
890,Mobile Shop,BH-7 Complex,103,1,131,60,5,10916,28795,7718,0,0,Mar,170080
891,Food Stall,Law Gate,113,9,107,67,3,12658,21336,9704,0,0,Jan,150732
892,Food Stall,BH-1 Complex,219,4,148,106,3,13859,15521,7355,0,0,Jul,420640
893,Cafe,BH-1 Complex,205,6,95,73,3,6642,33932,7693,0,0,Oct,151115
894,Mobile Shop,BH-1 Complex,162,6,92,72,5,16527,32866,5647,0,0,Apr,148720
895,Stationery,BH-5 Complex,120,9,92,72,2,14850,38466,6827,0,1,Jul,142096
896,Mobile Shop,BH-5 Complex,218,5,107,62,4,12615,21762,9543,0,1,Mar,142386
897,Salon,BH-7 Complex,93,9,106,81,3,6158,30996,9229,0,1,Dec,190408
898,Mobile Shop,BH-1 Complex,106,9,88,106,4,7138,22257,7283,0,0,Mar,220512
899,Salon,BH-7 Complex,143,2,69,74,2,11247,17570,9807,0,1,Jul,92968
900,Food Stall,BH-5 Complex,149,4,137,96,5,8179,17019,11727,1,0,Oct,318256
901,Cafe,BH-5 Complex,193,2,95,88,1,11123,29379,10711,0,1,Sep,192440
902,Clothing,UniMall,115,1,128,65,5,10162,15303,9067,1,0,May,191280
903,Food Stall,BH-1 Complex,147,5,121,91,3,8369,26659,11445,0,1,Aug,269319
904,Salon,BH-1 Complex,131,2,112,102,3,7360,20127,9562,1,1,Feb,292720
905,Stationery,Law Gate,221,6,62,86,1,14784,38503,5605,0,1,Sep,104628
906,Mobile Shop,BH-1 Complex,211,8,64,88,5,15285,17945,11237,1,0,Mar,107696
907,Mobile Shop,BH-1 Complex,191,8,149,107,1,7152,15056,5204,0,1,Sep,428290
908,Stationery,BH-1 Complex,104,6,119,118,5,17015,15944,7881,0,0,Mar,357218
909,Cafe,BH-5 Complex,118,8,109,106,2,8957,33996,10047,0,1,Aug,285066
910,Cafe,BH-7 Complex,179,1,138,85,3,8994,20229,6010,0,0,Jan,301900
911,Stationery,BH-7 Complex,217,2,130,85,5,13686,22879,9455,1,1,Jul,281500
912,Stationery,UniMall,83,8,116,86,3,8406,39824,4637,0,0,Dec,239304
913,Mobile Shop,UniMall,228,4,122,76,5,10233,17517,6397,0,0,Jun,228160
914,Salon,BH-7 Complex,92,3,116,79,2,13728,34433,9766,0,0,Jul,206592
915,Salon,UniMall,139,5,64,115,4,15086,24759,11472,0,0,May,170800
916,Mobile Shop,UniMall,191,6,141,119,5,13594,21840,9066,0,0,Jun,453370
917,Mobile Shop,BH-5 Complex,92,9,107,107,2,13173,38457,8798,0,0,Sep,282021
918,Clothing,BH-7 Complex,139,9,95,67,5,16255,28402,9239,0,1,Feb,134585
919,Clothing,UniMall,88,3,149,80,5,6131,20443,4857,1,0,Jul,283760
920,Food Stall,BH-5 Complex,186,5,75,81,3,7607,37319,7517,0,0,Oct,120100
921,Food Stall,BH-5 Complex,95,5,106,62,4,14520,32570,8533,0,0,May,140588
922,Mobile Shop,Law Gate,186,7,104,65,5,15981,18524,7504,0,0,Jun,152800
923,Mobile Shop,BH-1 Complex,180,2,71,76,1,14078,38985,11744,0,0,Oct,101088
924,Clothing,Law Gate,92,7,88,107,3,12608,24717,5469,0,0,Dec,223064
925,Cafe,BH-5 Complex,236,3,103,87,3,6824,28880,6849,0,0,Sep,209869
926,Clothing,BH-5 Complex,212,7,137,68,2,10674,19316,11122,0,1,Jan,229480
927,Cafe,BH-7 Complex,172,1,126,86,2,13089,22965,5405,0,0,Feb,264244
928,Clothing,BH-7 Complex,173,1,144,117,2,13379,34440,6206,1,0,Nov,455440
929,Food Stall,BH-5 Complex,95,6,74,109,2,7546,34510,9889,1,1,Oct,175848
930,Salon,Law Gate,137,6,117,80,4,8882,31554,10356,0,0,Jun,221440
931,Mobile Shop,Law Gate,160,6,83,99,5,10169,21721,4679,0,1,May,180076
932,Salon,Law Gate,140,9,121,69,5,17339,16032,10339,1,0,Apr,200470
933,Stationery,BH-1 Complex,241,1,98,117,5,12487,30131,7446,0,1,Sep,271048
934,Food Stall,BH-7 Complex,210,3,83,98,3,8653,16454,5138,0,1,Nov,177752
935,Cafe,BH-1 Complex,124,7,127,104,2,6063,30460,5345,0,1,Oct,346240
936,Food Stall,Law Gate,230,6,142,99,2,7954,31663,6391,0,1,Jan,357682
937,Food Stall,BH-5 Complex,89,5,88,66,2,12196,31292,10934,0,1,Jul,112624
938,Stationery,UniMall,249,1,126,61,4,17081,32443,11674,0,0,Jun,172894
939,Clothing,Law Gate,187,7,142,72,4,10889,39021,4020,0,0,Jan,256720
940,Cafe,Law Gate,210,1,63,116,2,14467,23204,9122,0,0,Mar,161932
941,Stationery,BH-1 Complex,119,4,72,106,4,13501,25964,9529,0,0,Jan,171328
942,Mobile Shop,BH-5 Complex,89,8,66,112,5,9994,27429,11253,0,0,Jan,171760
943,Clothing,BH-5 Complex,104,2,117,72,5,11125,36332,8402,0,0,Dec,194296
944,Clothing,BH-5 Complex,91,3,147,99,4,7561,15773,11311,0,1,Mar,357484
945,Mobile Shop,BH-5 Complex,159,6,77,75,5,9754,25494,9506,1,1,Feb,123250
946,Clothing,BH-5 Complex,141,1,63,61,1,10729,35011,10594,0,0,Sep,65290
947,Cafe,BH-1 Complex,90,8,118,114,5,15867,39104,6446,1,0,Feb,326656
948,Cafe,BH-5 Complex,202,4,93,116,1,13162,17679,9266,1,0,Apr,252064
949,Food Stall,UniMall,216,4,109,79,5,11492,22111,8895,0,0,Sep,191108
950,Food Stall,BH-7 Complex,142,3,89,79,4,12459,19096,5019,0,1,Aug,153899
951,Cafe,BH-1 Complex,214,4,63,109,2,14408,15195,7864,0,0,Feb,149143
952,Clothing,UniMall,146,4,131,91,2,6639,35644,8310,0,1,Oct,307630
953,Cafe,BH-5 Complex,95,1,144,113,2,13836,26698,11697,0,1,Jan,438160
954,Salon,UniMall,223,7,64,101,1,14052,31995,4749,1,1,Mar,137456
955,Clothing,BH-5 Complex,144,5,138,117,1,15833,15500,7646,0,1,Sep,418234
956,Mobile Shop,BH-7 Complex,221,2,130,68,5,16905,27020,8747,0,0,Sep,206360
957,Food Stall,BH-7 Complex,221,5,92,100,5,12387,17521,10525,0,1,Oct,216800
958,Salon,UniMall,112,8,77,116,2,10053,19801,10139,0,1,Jun,217960
959,Clothing,BH-7 Complex,219,8,145,64,2,14783,25380,10617,1,1,Apr,228400
960,Clothing,UniMall,156,4,75,72,1,6732,18976,5817,0,0,May,106600
961,Mobile Shop,BH-5 Complex,223,4,116,91,1,16178,26001,8664,0,1,Sep,256124
962,Cafe,BH-7 Complex,192,8,117,93,1,16773,19090,10158,0,0,Mar,265549
963,Clothing,BH-5 Complex,240,1,75,87,2,10718,32408,9672,0,0,Oct,139225
964,Salon,UniMall,219,8,89,84,4,14271,20158,4239,0,0,Aug,159328
965,Food Stall,Law Gate,126,4,112,63,2,6033,16841,8481,0,0,Oct,154624
966,Salon,Law Gate,234,6,133,82,2,16536,32715,11890,0,0,Dec,255368
967,Stationery,BH-1 Complex,209,7,125,105,1,8673,17122,7785,0,0,Mar,317500
968,Stationery,BH-5 Complex,103,4,93,112,4,8846,28182,4470,0,1,Jun,252064
969,Mobile Shop,UniMall,242,1,107,94,2,11613,35014,9375,0,1,Jan,251740
970,Clothing,Law Gate,116,3,140,73,1,17064,32892,5212,1,0,Apr,236160
971,Mobile Shop,BH-1 Complex,241,8,107,116,5,13189,27752,9575,0,0,Oct,322360
972,Food Stall,BH-7 Complex,166,6,67,98,1,14481,37266,6558,0,1,Feb,146980
973,Mobile Shop,BH-7 Complex,87,6,85,87,5,16346,38136,9843,1,0,Oct,171850
974,Clothing,BH-1 Complex,83,9,131,102,5,14391,34324,7490,0,1,May,350860
975,Stationery,UniMall,212,9,79,83,2,15593,26573,9025,0,0,Aug,140153
976,Salon,BH-5 Complex,145,3,138,104,3,15487,30061,11635,1,0,Jun,351856
977,Clothing,Law Gate,106,7,73,63,3,16994,33870,10886,0,1,Sep,83371
978,Mobile Shop,UniMall,97,4,119,74,3,10237,31053,7789,0,1,Jul,214180
979,Food Stall,Law Gate,96,1,111,91,1,13450,17925,10323,0,0,Jul,232828
980,Clothing,BH-5 Complex,102,9,131,72,3,17576,33109,4693,0,0,Jan,232960
981,Food Stall,Law Gate,118,1,104,78,2,12998,22182,11034,1,1,May,185248
982,Mobile Shop,BH-1 Complex,206,8,99,87,2,16753,20984,6511,1,1,Dec,208390
983,Clothing,UniMall,83,9,123,66,4,12079,24399,5448,0,0,Jul,185422
984,Clothing,BH-7 Complex,172,4,149,72,4,10231,20302,9828,1,1,Apr,261112
985,Mobile Shop,BH-5 Complex,151,5,127,80,4,16534,16806,6100,0,0,Sep,244640
986,Mobile Shop,BH-1 Complex,206,1,111,88,4,15867,30954,4559,0,0,Aug,243040
987,Food Stall,BH-7 Complex,173,3,145,84,5,12911,30090,10088,0,1,Nov,303220
988,Clothing,UniMall,214,6,97,99,4,16223,30398,10601,0,0,Sep,228487
989,Cafe,BH-5 Complex,127,5,72,77,3,14559,15064,7299,1,1,Nov,105232
990,Stationery,BH-5 Complex,130,5,78,82,4,9889,34890,5834,0,1,Jul,141880
991,Cafe,BH-7 Complex,141,7,147,80,5,17685,36806,10215,0,0,Jan,302800
992,Salon,BH-7 Complex,87,6,88,109,5,13702,31489,5154,0,1,Nov,237760
993,Stationery,BH-1 Complex,213,3,109,104,5,16419,35180,4292,0,1,Nov,267408
994,Stationery,BH-5 Complex,226,6,66,103,1,17164,21110,10955,1,0,May,147142
995,Salon,UniMall,103,5,86,72,4,6895,27097,9617,0,1,Feb,123376
996,Food Stall,BH-5 Complex,92,7,115,89,1,12858,23950,4746,1,1,Apr,246815
997,Mobile Shop,BH-5 Complex,121,3,122,96,5,15689,35217,4395,1,0,Dec,277936
998,Mobile Shop,BH-5 Complex,137,7,85,86,1,13913,36908,7584,1,1,Jan,154680
999,Mobile Shop,BH-1 Complex,238,6,148,67,3,17013,22190,7827,0,1,Feb,227648
1000,Clothing,BH-1 Complex,103,3,112,94,2,7059,16424,8123,0,1,Feb,265840
